Best Fitness,Cp_min,Cp_max,Cg_min,Cg_max,w_min,w_max,gwn_std_dev
11.4996337890625,0.1,3.5,0.1,3.5,0.05,1.7,0.01
10.000456809997559,0.1,3.5,0.1,3.5,0.05,2.0,0.15
8.47321891784668,0.1,3.5,0.1,3.5,0.3,1.3,0.2
4.66558313369751,0.1,3.5,0.1,3.5,0.3,2.0,0.2
6.329613208770752,0.1,3.5,0.1,3.5,0.3,2.0,0.07
2.9844789505004883,0.1,3.5,0.1,3.5,0.8,1.3,0.07
7.325396537780762,0.1,3.5,0.1,3.5,0.8,1.7,0.15
8.444489479064941,0.1,3.5,0.1,3.0,0.05,1.7,0.01
6.664333343505859,0.1,3.5,0.1,3.0,0.05,2.0,0.01
4.932552814483643,0.1,3.5,0.1,3.0,0.3,1.3,0.07
5.010666847229004,0.1,3.5,0.1,3.0,0.3,2.0,0.15
6.675955295562744,0.1,3.5,0.1,3.0,0.8,1.3,0.2
4.863130569458008,0.1,3.5,0.1,3.0,0.8,2.0,0.01
6.435356140136719,0.1,3.5,0.1,2.5,0.05,1.3,0.15
5.618985652923584,0.1,3.5,0.1,2.5,0.05,1.3,0.2
7.210975170135498,0.1,3.5,0.1,2.5,0.05,2.0,0.2
10.606914520263672,0.1,3.5,0.1,2.5,0.3,1.3,0.2
11.91196346282959,0.1,3.5,0.1,2.5,0.3,2.0,0.07
5.290650367736816,0.1,3.5,0.1,2.5,0.8,1.7,0.07
9.880122184753418,0.1,3.5,0.1,2.5,0.8,1.7,0.07
10.40672492980957,0.1,3.5,0.1,2.0,0.05,1.7,0.01
14.237674713134766,0.1,3.5,0.1,2.0,0.05,2.0,0.2
9.710556983947754,0.1,3.5,0.1,2.0,0.3,1.3,0.2
6.841160774230957,0.1,3.5,0.1,2.0,0.3,1.7,0.07
10.30698299407959,0.1,3.5,0.1,2.0,0.3,2.0,0.2
5.502861976623535,0.1,3.5,0.1,2.0,0.8,1.3,0.2
8.460136413574219,0.1,3.5,0.1,2.0,0.8,2.0,0.2
12.738689422607422,0.1,3.5,0.1,1.5,0.05,1.3,0.07
12.335184097290039,0.1,3.5,0.1,1.5,0.3,0.9,0.01
7.073929786682129,0.1,3.5,0.1,1.5,0.3,1.7,0.01
13.543309211730957,0.1,3.5,0.1,1.5,0.3,1.3,0.15
6.247597694396973,0.1,3.5,0.1,1.5,0.8,0.9,0.01
8.17904281616211,0.1,3.5,0.1,1.5,0.8,1.3,0.2
9.291172981262207,0.1,3.5,0.3,3.5,0.05,0.9,0.2
5.739437103271484,0.1,3.5,0.3,3.5,0.05,1.7,0.15
7.226831436157227,0.1,3.5,0.3,3.5,0.05,1.7,0.2
8.800848960876465,0.1,3.5,0.3,3.5,0.3,1.3,0.15
6.840049743652344,0.1,3.5,0.3,3.5,0.8,0.9,0.15
6.760903358459473,0.1,3.5,0.3,3.5,0.8,0.9,0.01
8.638888359069824,0.1,3.5,0.3,3.5,0.8,2.0,0.15
11.56310749053955,0.1,3.5,0.3,3.0,0.05,1.7,0.01
8.111260414123535,0.1,3.5,0.3,3.0,0.05,1.7,0.01
6.761338233947754,0.1,3.5,0.3,3.0,0.05,2.0,0.15
8.920215606689453,0.1,3.5,0.3,3.0,0.3,1.7,0.15
6.5653181076049805,0.1,3.5,0.3,3.0,0.8,1.3,0.01
5.55170202255249,0.1,3.5,0.3,3.0,0.8,1.7,0.01
8.830063819885254,0.1,3.5,0.3,3.0,0.8,2.0,0.15
9.264787673950195,0.1,3.5,0.3,2.5,0.05,2.0,0.01
9.482455253601074,0.1,3.5,0.3,2.5,0.05,2.0,0.07
5.713865280151367,0.1,3.5,0.3,2.5,0.3,1.3,0.15
7.132007122039795,0.1,3.5,0.3,2.5,0.3,2.0,0.07
8.663763999938965,0.1,3.5,0.3,2.5,0.8,0.9,0.15
5.411863803863525,0.1,3.5,0.3,2.5,0.8,1.3,0.15
8.126364707946777,0.1,3.5,0.3,2.5,0.8,2.0,0.15
10.352733612060547,0.1,3.5,0.3,2.0,0.05,1.7,0.2
13.323776245117188,0.1,3.5,0.3,2.0,0.05,2.0,0.15
6.38721227645874,0.1,3.5,0.3,2.0,0.3,2.0,0.01
6.367584705352783,0.1,3.5,0.3,2.0,0.3,1.7,0.2
5.8961615562438965,0.1,3.5,0.3,2.0,0.8,1.7,0.2
7.50241231918335,0.1,3.5,0.3,2.0,0.8,1.7,0.2
15.295710563659668,0.1,3.5,0.3,1.5,0.05,1.7,0.01
7.911195755004883,0.1,3.5,0.3,1.5,0.05,1.3,0.07
10.84273624420166,0.1,3.5,0.3,1.5,0.05,2.0,0.2
7.164757251739502,0.1,3.5,0.3,1.5,0.3,2.0,0.2
4.867051601409912,0.1,3.5,0.3,1.5,0.3,2.0,0.2
6.81691312789917,0.1,3.5,0.3,1.5,0.8,1.3,0.01
6.174591541290283,0.1,3.5,0.3,1.5,0.8,2.0,0.2
6.787037372589111,0.1,3.5,0.5,3.5,0.05,1.3,0.15
5.71270751953125,0.1,3.5,0.5,3.5,0.05,2.0,0.01
5.554899215698242,0.1,3.5,0.5,3.5,0.3,1.3,0.2
5.906810283660889,0.1,3.5,0.5,3.5,0.3,2.0,0.01
7.10270357131958,0.1,3.5,0.5,3.5,0.8,1.3,0.2
6.675414562225342,0.1,3.5,0.5,3.5,0.8,1.3,0.01
9.494096755981445,0.1,3.5,0.5,3.0,0.05,1.3,0.07
7.114864349365234,0.1,3.5,0.5,3.0,0.05,1.7,0.07
9.914743423461914,0.1,3.5,0.5,3.0,0.3,1.3,0.01
5.177751064300537,0.1,3.5,0.5,3.0,0.3,1.7,0.15
7.271286487579346,0.1,3.5,0.5,3.0,0.8,0.9,0.15
8.265536308288574,0.1,3.5,0.5,3.0,0.8,0.9,0.2
7.036439418792725,0.1,3.5,0.5,3.0,0.8,1.7,0.07
10.86707592010498,0.1,3.5,0.5,2.5,0.05,0.9,0.01
10.050273895263672,0.1,3.5,0.5,2.5,0.05,2.0,0.01
9.632104873657227,0.1,3.5,0.5,2.5,0.3,1.3,0.01
6.246243000030518,0.1,3.5,0.5,2.5,0.3,1.3,0.07
6.213493824005127,0.1,3.5,0.5,2.5,0.8,1.3,0.07
6.99601411819458,0.1,3.5,0.5,2.5,0.8,1.3,0.15
10.99323844909668,0.1,3.5,0.5,2.5,0.8,1.7,0.15
10.761642456054688,0.1,3.5,0.5,2.0,0.05,1.7,0.01
9.276226997375488,0.1,3.5,0.5,2.0,0.05,1.7,0.2
7.031772136688232,0.1,3.5,0.5,2.0,0.3,1.7,0.15
9.569886207580566,0.1,3.5,0.5,2.0,0.8,0.5,0.2
6.545309066772461,0.1,3.5,0.5,2.0,0.8,1.7,0.01
6.743753433227539,0.1,3.5,0.5,2.0,0.8,2.0,0.15
7.070856094360352,0.1,3.5,0.5,2.0,0.8,2.0,0.2
6.357080936431885,0.1,3.5,0.5,1.5,0.05,1.7,0.07
8.124893188476562,0.1,3.5,0.5,1.5,0.05,2.0,0.15
12.309885025024414,0.1,3.5,0.5,1.5,0.3,2.0,0.07
8.82334041595459,0.1,3.5,0.5,1.5,0.8,0.9,0.01
7.584201335906982,0.1,3.5,0.5,1.5,0.8,1.3,0.2
8.459907531738281,0.1,3.5,0.5,1.5,0.8,1.3,0.2
5.734825611114502,0.1,3.5,0.7,3.5,0.05,1.3,0.01
7.092316150665283,0.1,3.5,0.7,3.5,0.05,1.7,0.01
7.476090431213379,0.1,3.5,0.7,3.5,0.05,2.0,0.15
6.427600383758545,0.1,3.5,0.7,3.5,0.3,1.3,0.01
5.249585151672363,0.1,3.5,0.7,3.5,0.3,2.0,0.2
6.480354309082031,0.1,3.5,0.7,3.5,0.8,1.3,0.15
4.089330673217773,0.1,3.5,0.7,3.5,0.8,1.7,0.2
8.029569625854492,0.1,3.5,0.7,3.0,0.05,1.3,0.15
8.493202209472656,0.1,3.5,0.7,3.0,0.05,2.0,0.2
12.990931510925293,0.1,3.5,0.7,3.0,0.3,1.3,0.15
6.55136775970459,0.1,3.5,0.7,3.0,0.3,2.0,0.2
8.643718719482422,0.1,3.5,0.7,3.0,0.8,0.9,0.07
9.184619903564453,0.1,3.5,0.7,3.0,0.8,2.0,0.15
7.234659194946289,0.1,3.5,0.7,3.0,0.8,2.0,0.07
5.512274742126465,0.1,3.5,0.7,2.5,0.05,1.7,0.01
8.605059623718262,0.1,3.5,0.7,2.5,0.05,2.0,0.2
8.751720428466797,0.1,3.5,0.7,2.5,0.3,1.7,0.01
5.447460651397705,0.1,3.5,0.7,2.5,0.3,2.0,0.15
5.645747184753418,0.1,3.5,0.7,2.5,0.8,0.9,0.2
10.52869987487793,0.1,3.5,0.7,2.5,0.8,1.7,0.01
11.192960739135742,0.1,3.5,0.7,2.0,0.05,1.3,0.01
9.853507995605469,0.1,3.5,0.7,2.0,0.05,2.0,0.07
9.152256965637207,0.1,3.5,0.7,2.0,0.3,0.9,0.07
5.371054649353027,0.1,3.5,0.7,2.0,0.3,1.7,0.2
10.89240837097168,0.1,3.5,0.7,2.0,0.8,0.9,0.07
5.386239051818848,0.1,3.5,0.7,2.0,0.8,0.9,0.2
10.55048942565918,0.1,3.5,0.7,2.0,0.8,2.0,0.2
11.906163215637207,0.1,3.5,0.7,1.5,0.05,1.7,0.01
9.829873085021973,0.1,3.5,0.7,1.5,0.05,1.7,0.2
11.776277542114258,0.1,3.5,0.7,1.5,0.3,1.3,0.2
12.032608032226562,0.1,3.5,0.7,1.5,0.3,1.3,0.15
6.39645528793335,0.1,3.5,0.7,1.5,0.8,1.3,0.07
9.269383430480957,0.1,3.5,0.7,1.5,0.8,1.3,0.07
9.21203327178955,0.1,3.5,0.7,1.5,0.8,2.0,0.15
10.991390228271484,0.1,3.5,0.9,3.5,0.05,1.3,0.01
4.690646648406982,0.1,3.5,0.9,3.5,0.05,2.0,0.15
6.007297039031982,0.1,3.5,0.9,3.5,0.3,1.7,0.01
6.364785194396973,0.1,3.5,0.9,3.5,0.8,0.9,0.07
6.116168022155762,0.1,3.5,0.9,3.5,0.8,1.7,0.01
9.965690612792969,0.1,3.5,0.9,3.5,0.8,2.0,0.2
10.42448902130127,0.1,3.5,0.9,3.0,0.05,1.3,0.01
7.416207313537598,0.1,3.5,0.9,3.0,0.05,2.0,0.15
8.621722221374512,0.1,3.5,0.9,3.0,0.3,1.3,0.2
5.65883207321167,0.1,3.5,0.9,3.0,0.3,1.7,0.2
5.893733024597168,0.1,3.5,0.9,3.0,0.8,1.3,0.01
6.438246726989746,0.1,3.5,0.9,3.0,0.8,2.0,0.07
10.727740287780762,0.1,3.5,0.9,3.0,0.8,2.0,0.01
14.170112609863281,0.1,3.5,0.9,2.5,0.05,2.0,0.01
10.13249683380127,0.1,3.5,0.9,2.5,0.05,1.7,0.01
5.5266852378845215,0.1,3.5,0.9,2.5,0.3,1.3,0.07
6.422720432281494,0.1,3.5,0.9,2.5,0.3,1.7,0.01
8.062631607055664,0.1,3.5,0.9,2.5,0.8,1.7,0.01
6.826024532318115,0.1,3.5,0.9,2.5,0.8,1.7,0.07
5.348942756652832,0.1,3.5,0.9,2.5,0.8,2.0,0.15
9.797606468200684,0.1,3.5,0.9,2.0,0.05,1.3,0.15
8.609140396118164,0.1,3.5,0.9,2.0,0.05,2.0,0.15
9.02466869354248,0.1,3.5,0.9,2.0,0.3,2.0,0.01
9.055051803588867,0.1,3.5,0.9,2.0,0.8,0.5,0.2
5.440690517425537,0.1,3.5,0.9,2.0,0.8,0.9,0.15
6.745160102844238,0.1,3.5,0.9,2.0,0.8,1.7,0.01
12.676352500915527,0.1,3.5,0.9,1.5,0.05,1.3,0.2
5.562381744384766,0.1,3.5,0.9,1.5,0.05,1.3,0.07
9.85554027557373,0.1,3.5,0.9,1.5,0.05,2.0,0.2
6.423926830291748,0.1,3.5,0.9,1.5,0.3,2.0,0.2
8.814038276672363,0.1,3.5,0.9,1.5,0.3,2.0,0.01
4.303415775299072,0.1,3.5,0.9,1.5,0.8,2.0,0.07
10.231247901916504,0.1,3.5,0.9,1.5,0.8,2.0,0.01
8.43576717376709,0.1,3.0,0.1,3.5,0.05,1.7,0.01
7.898577690124512,0.1,3.0,0.1,3.5,0.05,2.0,0.07
11.672064781188965,0.1,3.0,0.1,3.5,0.3,1.3,0.01
4.663254261016846,0.1,3.0,0.1,3.5,0.3,2.0,0.07
9.475462913513184,0.1,3.0,0.1,3.5,0.8,1.3,0.07
6.399073600769043,0.1,3.0,0.1,3.5,0.8,1.7,0.07
9.177340507507324,0.1,3.0,0.1,3.5,0.8,2.0,0.2
8.574824333190918,0.1,3.0,0.1,3.0,0.05,2.0,0.01
7.760056018829346,0.1,3.0,0.1,3.0,0.05,2.0,0.2
8.285776138305664,0.1,3.0,0.1,3.0,0.3,1.3,0.2
4.7053728103637695,0.1,3.0,0.1,3.0,0.3,1.7,0.2
6.891693115234375,0.1,3.0,0.1,3.0,0.8,1.7,0.07
10.478219985961914,0.1,3.0,0.1,3.0,0.8,1.7,0.2
8.795062065124512,0.1,3.0,0.1,2.5,0.05,1.3,0.01
12.881778717041016,0.1,3.0,0.1,2.5,0.05,1.3,0.07
11.953919410705566,0.1,3.0,0.1,2.5,0.3,1.3,0.07
8.98705768585205,0.1,3.0,0.1,2.5,0.3,1.7,0.07
8.833484649658203,0.1,3.0,0.1,2.5,0.8,0.9,0.15
6.722891807556152,0.1,3.0,0.1,2.5,0.8,2.0,0.01
12.44085693359375,0.1,3.0,0.1,2.5,0.8,1.7,0.2
13.229765892028809,0.1,3.0,0.1,2.0,0.05,1.7,0.07
7.644442081451416,0.1,3.0,0.1,2.0,0.05,2.0,0.2
10.991382598876953,0.1,3.0,0.1,2.0,0.3,1.3,0.07
7.9017333984375,0.1,3.0,0.1,2.0,0.3,2.0,0.01
7.829791069030762,0.1,3.0,0.1,2.0,0.8,1.7,0.01
7.255407333374023,0.1,3.5,0.1,3.5,0.05,1.3,0.01
6.905921936035156,0.1,3.5,0.1,3.5,0.05,2.0,0.2
6.921478271484375,0.1,3.5,0.1,3.5,0.3,1.7,0.01
7.518687725067139,0.1,3.5,0.1,3.5,0.3,2.0,0.01
4.703479766845703,0.1,3.5,0.1,3.5,0.8,0.9,0.15
5.117040634155273,0.1,3.5,0.1,3.5,0.8,1.7,0.2
7.773985385894775,0.1,3.5,0.1,3.0,0.05,1.3,0.15
5.9803643226623535,0.1,3.5,0.1,3.0,0.05,2.0,0.15
5.836782932281494,0.1,3.5,0.1,3.0,0.3,1.3,0.2
8.361213684082031,0.1,3.5,0.1,3.0,0.3,2.0,0.01
4.7634148597717285,0.1,3.5,0.1,3.0,0.8,1.3,0.07
6.675060749053955,0.1,3.5,0.1,3.0,0.8,2.0,0.2
6.07076358795166,0.1,3.5,0.1,2.5,0.05,1.7,0.15
10.165597915649414,0.1,3.5,0.1,2.5,0.05,2.0,0.15
6.753412246704102,0.1,3.5,0.1,2.5,0.3,1.7,0.15
9.979870796203613,0.1,3.5,0.1,2.5,0.3,2.0,0.2
5.846981525421143,0.1,3.5,0.1,2.5,0.8,1.3,0.07
8.148479461669922,0.1,3.5,0.1,2.5,0.8,2.0,0.15
7.4093732833862305,0.1,3.5,0.1,2.0,0.05,1.3,0.2
10.740696907043457,0.1,3.5,0.1,2.0,0.05,2.0,0.07
6.362290859222412,0.1,3.5,0.1,2.0,0.3,2.0,0.01
7.370739936828613,0.1,3.5,0.1,2.0,0.3,2.0,0.15
8.105236053466797,0.1,3.5,0.1,2.0,0.8,1.3,0.01
6.202644348144531,0.1,3.5,0.1,2.0,0.8,2.0,0.01
10.386767387390137,0.1,3.5,0.1,1.5,0.05,1.3,0.01
10.783696174621582,0.1,3.5,0.1,1.5,0.05,2.0,0.01
8.065595626831055,0.1,3.5,0.1,1.5,0.3,2.0,0.15
8.442790985107422,0.1,3.5,0.1,1.5,0.8,0.9,0.2
6.003515243530273,0.1,3.5,0.1,1.5,0.8,1.7,0.15
12.493573188781738,0.1,3.5,0.1,1.5,0.8,2.0,0.07
4.153501987457275,0.1,3.5,0.3,3.5,0.05,1.3,0.15
7.2686967849731445,0.1,3.5,0.3,3.5,0.3,0.9,0.01
3.4730401039123535,0.1,3.5,0.3,3.5,0.3,1.7,0.2
5.856520175933838,0.1,3.5,0.3,3.5,0.8,0.9,0.07
3.8496243953704834,0.1,3.5,0.3,3.5,0.8,1.7,0.01
8.680754661560059,0.1,3.5,0.3,3.0,0.05,1.3,0.01
6.900810718536377,0.1,3.5,0.3,3.0,0.05,1.3,0.2
8.792536735534668,0.1,3.5,0.3,3.0,0.3,1.3,0.15
6.249719619750977,0.1,3.5,0.3,3.0,0.3,1.7,0.07
5.413361072540283,0.1,3.5,0.3,3.0,0.3,2.0,0.2
6.270545482635498,0.1,3.5,0.3,3.0,0.8,2.0,0.07
9.622832298278809,0.1,3.5,0.3,2.5,0.05,0.9,0.15
7.4978742599487305,0.1,3.5,0.3,2.5,0.05,2.0,0.2
11.631584167480469,0.1,3.5,0.3,2.5,0.3,0.9,0.2
5.720764636993408,0.1,3.5,0.3,2.5,0.3,1.7,0.2
4.60884428024292,0.1,3.5,0.3,2.5,0.3,2.0,0.2
7.042512893676758,0.1,3.5,0.3,2.5,0.8,1.7,0.15
7.803023815155029,0.1,3.5,0.3,2.0,0.05,1.3,0.15
7.495903491973877,0.1,3.5,0.3,2.0,0.05,2.0,0.07
12.86900520324707,0.1,3.5,0.3,2.0,0.3,0.9,0.07
6.643315315246582,0.1,3.5,0.3,2.0,0.3,2.0,0.2
6.382534027099609,0.1,3.5,0.3,2.0,0.8,0.9,0.07
6.472541809082031,0.1,3.5,0.3,2.0,0.8,1.7,0.07
9.484219551086426,0.1,3.5,0.3,1.5,0.05,1.3,0.2
4.978217124938965,0.1,3.5,0.3,1.5,0.05,1.7,0.2
8.107168197631836,0.1,3.5,0.3,1.5,0.3,1.3,0.07
5.460986614227295,0.1,3.5,0.3,1.5,0.3,2.0,0.01
8.473102569580078,0.1,3.5,0.3,1.5,0.8,0.9,0.15
9.33945083618164,0.1,3.5,0.3,1.5,0.8,2.0,0.15
6.540633678436279,0.1,3.5,0.5,3.5,0.05,0.9,0.15
4.653307914733887,0.1,3.5,0.5,3.5,0.05,2.0,0.07
8.467824935913086,0.1,3.5,0.5,3.5,0.3,0.9,0.2
6.190115928649902,0.1,3.5,0.5,3.5,0.3,2.0,0.15
5.280997276306152,0.1,3.5,0.5,3.5,0.8,0.9,0.2
4.126095294952393,0.1,3.5,0.5,3.5,0.8,1.7,0.15
9.79027271270752,0.1,3.5,0.5,3.0,0.05,1.3,0.01
5.171188831329346,0.1,3.5,0.5,3.0,0.05,1.7,0.2
5.039340019226074,0.1,3.5,0.5,3.0,0.3,1.7,0.01
6.347413539886475,0.1,3.5,0.5,3.0,0.3,2.0,0.01
4.953131675720215,0.1,3.5,0.5,3.0,0.8,1.3,0.01
6.197673320770264,0.1,3.5,0.5,3.0,0.8,2.0,0.07
6.468942642211914,0.1,3.5,0.5,2.5,0.05,1.3,0.07
6.71596097946167,0.1,3.5,0.5,2.5,0.05,2.0,0.07
8.100844383239746,0.1,3.5,0.5,2.5,0.3,0.9,0.01
5.805805683135986,0.1,3.5,0.5,2.5,0.3,2.0,0.07
6.246558666229248,0.1,3.5,0.5,2.5,0.8,0.9,0.15
6.098806858062744,0.1,3.5,0.5,2.5,0.8,2.0,0.15
8.981176376342773,0.1,3.5,0.5,2.0,0.05,1.3,0.15
5.865100383758545,0.1,3.5,0.5,2.0,0.05,2.0,0.07
5.770766735076904,0.1,3.5,0.5,2.0,0.3,1.7,0.07
4.947955131530762,0.1,3.5,0.5,2.0,0.3,2.0,0.2
8.674057006835938,0.1,3.5,0.5,2.0,0.8,1.3,0.01
9.28467082977295,0.1,3.5,0.5,2.0,0.8,2.0,0.07
8.237064361572266,0.1,3.5,0.5,1.5,0.05,1.3,0.07
10.455057144165039,0.1,3.5,0.5,1.5,0.3,1.3,0.01
6.293265342712402,0.1,3.5,0.5,1.5,0.3,1.3,0.2
5.388222694396973,0.1,3.5,0.5,1.5,0.8,1.3,0.07
7.7799553871154785,0.1,3.5,0.5,1.5,0.8,1.7,0.15
12.738540649414062,0.1,3.5,0.7,3.5,0.05,0.9,0.01
4.639373302459717,0.1,3.5,0.7,3.5,0.05,2.0,0.2
9.469042778015137,0.1,3.5,0.7,3.5,0.05,2.0,0.2
5.137641906738281,0.1,3.5,0.7,3.5,0.3,2.0,0.01
5.0645432472229,0.1,3.5,0.7,3.5,0.8,0.9,0.15
4.235487937927246,0.1,3.5,0.7,3.5,0.8,1.7,0.15
11.827888488769531,0.1,3.5,0.7,3.0,0.05,1.3,0.01
3.393136501312256,0.1,3.5,0.7,3.0,0.05,2.0,0.01
8.850027084350586,0.1,3.5,0.7,3.0,0.3,0.9,0.07
3.643618583679199,0.1,3.5,0.7,3.0,0.3,1.7,0.01
7.318173885345459,0.1,3.5,0.7,3.0,0.8,1.7,0.01
5.690104961395264,0.1,3.5,0.7,3.0,0.8,1.7,0.2
7.9344587326049805,0.1,3.5,0.7,2.5,0.05,1.3,0.15
4.986680507659912,0.1,3.5,0.7,2.5,0.05,2.0,0.07
5.836601257324219,0.1,3.5,0.7,2.5,0.3,1.3,0.01
5.36190938949585,0.1,3.5,0.7,2.5,0.3,2.0,0.01
6.706993103027344,0.1,3.5,0.7,2.5,0.8,0.9,0.15
4.184558868408203,0.1,3.5,0.7,2.5,0.8,2.0,0.07
4.490264892578125,0.1,3.5,0.7,2.0,0.05,1.3,0.07
6.3090338706970215,0.1,3.5,0.7,2.0,0.05,1.7,0.07
5.588188171386719,0.1,3.5,0.7,2.0,0.3,0.9,0.2
5.541905879974365,0.1,3.5,0.7,2.0,0.3,2.0,0.07
6.15081262588501,0.1,3.5,0.7,2.0,0.8,1.3,0.01
6.110676288604736,0.1,3.5,0.7,2.0,0.8,1.7,0.2
8.014107704162598,0.1,3.5,0.7,1.5,0.05,1.3,0.15
6.653536319732666,0.1,3.5,0.7,1.5,0.05,1.7,0.15
10.640132904052734,0.1,3.5,0.7,1.5,0.3,1.7,0.01
5.832341194152832,0.1,3.5,0.7,1.5,0.3,2.0,0.15
4.9523820877075195,0.1,3.5,0.7,1.5,0.8,0.9,0.2
6.1218438148498535,0.1,3.5,0.7,1.5,0.8,1.7,0.15
5.128767013549805,0.1,3.5,0.9,3.5,0.05,1.3,0.07
4.778278827667236,0.1,3.5,0.9,3.5,0.05,2.0,0.01
4.144250869750977,0.1,3.5,0.9,3.5,0.3,1.3,0.15
3.214646339416504,0.1,3.5,0.9,3.5,0.3,2.0,0.15
3.8965201377868652,0.1,3.5,0.9,3.5,0.8,1.3,0.07
4.044615745544434,0.1,3.5,0.9,3.5,0.8,2.0,0.15
5.951286315917969,0.1,3.5,0.9,3.0,0.05,1.3,0.07
6.198956489562988,0.1,3.5,0.9,3.0,0.05,2.0,0.01
5.723473072052002,0.1,3.5,0.9,3.0,0.3,1.7,0.07
3.892868757247925,0.1,3.5,0.9,3.0,0.8,0.5,0.15
4.557216167449951,0.1,3.5,0.9,3.0,0.8,1.7,0.15
4.169458389282227,0.1,3.5,0.9,3.0,0.8,1.7,0.2
5.026453495025635,0.1,3.5,0.9,2.5,0.05,1.7,0.15
5.542963027954102,0.1,3.5,0.9,2.5,0.05,1.7,0.2
5.3104987144470215,0.1,3.5,0.9,2.5,0.3,1.3,0.2
10.720768928527832,0.1,3.5,0.9,2.5,0.3,2.0,0.15
5.143368721008301,0.1,3.5,0.9,2.5,0.8,0.9,0.15
8.897573471069336,0.1,3.5,0.9,2.5,0.8,2.0,0.2
6.0382080078125,0.1,3.5,0.9,2.0,0.05,1.7,0.15
7.442470550537109,0.1,3.5,0.9,2.0,0.05,2.0,0.2
5.11242151260376,0.1,3.5,0.9,2.0,0.3,1.7,0.15
6.036224842071533,0.1,3.5,0.9,2.0,0.8,0.9,0.01
4.909378528594971,0.1,3.5,0.9,2.0,0.8,2.0,0.2
9.712918281555176,0.1,3.5,0.9,1.5,0.05,1.3,0.01
10.582642555236816,0.1,3.5,0.9,1.5,0.05,1.7,0.07
7.934040546417236,0.1,3.5,0.9,1.5,0.3,0.9,0.2
7.789839267730713,0.1,3.5,0.9,1.5,0.3,1.3,0.2
4.992129802703857,0.1,3.5,0.9,1.5,0.8,0.9,0.15
5.733221054077148,0.1,3.5,0.9,1.5,0.8,1.7,0.15
5.714926719665527,0.1,3.0,0.1,3.5,0.05,1.3,0.2
7.406904697418213,0.1,3.0,0.1,3.5,0.05,1.7,0.07
5.399544715881348,0.1,3.0,0.1,3.5,0.3,0.9,0.15
5.335415363311768,0.1,3.0,0.1,3.5,0.3,1.7,0.2
4.979974746704102,0.1,3.0,0.1,3.5,0.8,1.3,0.01
5.9769721031188965,0.1,3.0,0.1,3.5,0.8,1.3,0.2
10.275664329528809,0.1,3.0,0.1,3.0,0.05,1.3,0.01
5.488088607788086,0.1,3.0,0.1,3.0,0.05,1.7,0.07
7.55020809173584,0.1,3.0,0.1,3.0,0.3,1.7,0.07
5.448182582855225,0.1,3.0,0.1,3.0,0.3,2.0,0.07
4.61014461517334,0.1,3.0,0.1,3.0,0.8,0.9,0.2
6.818124294281006,0.1,3.0,0.1,3.0,0.8,2.0,0.2
9.20347785949707,0.1,3.0,0.1,2.5,0.05,1.7,0.07
6.356106281280518,0.1,3.0,0.1,2.5,0.05,2.0,0.2
8.809271812438965,0.1,3.0,0.1,2.5,0.3,1.7,0.01
4.800982475280762,0.1,3.0,0.1,2.5,0.3,2.0,0.2
4.837696552276611,0.1,3.0,0.1,2.5,0.8,1.3,0.07
4.627186298370361,0.1,3.0,0.1,2.5,0.8,2.0,0.15
10.904926300048828,0.1,3.0,0.1,2.0,0.05,2.0,0.01
7.125143527984619,0.1,3.0,0.1,2.0,0.05,2.0,0.01
5.1868720054626465,0.1,3.0,0.1,2.0,0.3,1.7,0.15
6.515657901763916,0.1,3.0,0.1,2.0,0.3,2.0,0.2
4.97222900390625,0.1,3.0,0.1,2.0,0.8,1.3,0.2
4.5374345779418945,0.1,3.0,0.1,2.0,0.8,2.0,0.07
10.195413589477539,0.1,3.0,0.1,1.5,0.05,1.7,0.07
9.651348114013672,0.1,3.0,0.1,1.5,0.05,2.0,0.2
13.50662899017334,0.1,3.0,0.1,1.5,0.3,1.3,0.07
8.0540132522583,0.1,3.0,0.1,1.5,0.3,1.7,0.15
5.719604969024658,0.1,3.0,0.1,1.5,0.8,1.3,0.07
5.254662036895752,0.1,3.0,0.1,1.5,0.8,1.3,0.15
5.1350579261779785,0.1,3.0,0.3,3.5,0.05,0.9,0.01
4.853653430938721,0.1,3.0,0.3,3.5,0.05,1.3,0.15
4.375194072723389,0.1,3.0,0.3,3.5,0.05,2.0,0.15
4.62338399887085,0.1,3.0,0.3,3.5,0.3,1.7,0.07
5.135856628417969,0.1,3.0,0.3,3.5,0.3,2.0,0.2
5.385146141052246,0.1,3.0,0.3,3.5,0.8,1.3,0.07
5.048344612121582,0.1,3.0,0.3,3.5,0.8,2.0,0.01
6.715561389923096,0.1,3.0,0.3,3.0,0.05,1.3,0.15
6.522514820098877,0.1,3.0,0.3,3.0,0.05,1.7,0.15
4.781561851501465,0.1,3.0,0.3,3.0,0.3,1.3,0.01
5.755534648895264,0.1,3.0,0.3,3.0,0.3,1.7,0.2
4.296745300292969,0.1,3.0,0.3,3.0,0.8,0.9,0.07
3.315425395965576,0.1,3.0,0.3,3.0,0.8,1.3,0.15
5.790731430053711,0.1,3.0,0.3,3.0,0.8,2.0,0.2
11.126812934875488,0.1,3.0,0.3,2.5,0.05,1.3,0.01
3.310654640197754,0.1,3.0,0.3,2.5,0.05,1.7,0.2
8.139918327331543,0.1,3.0,0.3,2.5,0.3,1.3,0.07
5.118834018707275,0.1,3.0,0.3,2.5,0.3,1.7,0.07
7.138879776000977,0.1,3.0,0.3,2.5,0.8,0.9,0.07
5.937870025634766,0.1,3.0,0.3,2.5,0.8,2.0,0.15
13.657083511352539,0.1,3.0,0.3,2.5,0.8,2.0,0.2
8.381719589233398,0.1,3.0,0.3,2.0,0.05,1.7,0.07
7.4865593910217285,0.1,3.0,0.3,2.0,0.05,2.0,0.07
5.886011123657227,0.1,3.0,0.3,2.0,0.3,1.7,0.01
8.37881088256836,0.1,3.0,0.3,2.0,0.3,2.0,0.15
4.776762962341309,0.1,3.0,0.3,2.0,0.8,0.9,0.15
6.595151424407959,0.1,3.0,0.3,2.0,0.8,2.0,0.07
14.544005393981934,0.1,3.0,0.3,1.5,0.05,0.9,0.2
5.983389854431152,0.1,3.0,0.3,1.5,0.05,2.0,0.15
9.022722244262695,0.1,3.0,0.3,1.5,0.3,1.3,0.01
7.224015712738037,0.1,3.0,0.3,1.5,0.3,1.3,0.2
6.824710369110107,0.1,3.0,0.3,1.5,0.8,0.9,0.07
4.540159702301025,0.1,3.0,0.3,1.5,0.8,1.7,0.07
9.369976997375488,0.1,3.0,0.3,1.5,0.8,2.0,0.2
10.91185474395752,0.1,3.0,0.5,3.5,0.05,1.3,0.01
4.497807025909424,0.1,3.0,0.5,3.5,0.05,1.7,0.15
5.805946350097656,0.1,3.0,0.5,3.5,0.3,0.9,0.2
5.492767810821533,0.1,3.0,0.5,3.5,0.3,2.0,0.01
6.688498497009277,0.1,3.0,0.5,3.5,0.8,1.3,0.07
3.943981170654297,0.1,3.0,0.5,3.5,0.8,1.7,0.07
5.991043567657471,0.1,3.0,0.5,3.5,0.8,2.0,0.2
4.749032974243164,0.1,3.0,0.5,3.0,0.05,1.7,0.2
5.066015243530273,0.1,3.0,0.5,3.0,0.05,2.0,0.15
7.686580657958984,0.1,3.0,0.5,3.0,0.3,1.7,0.15
5.115987300872803,0.1,3.0,0.5,3.0,0.3,2.0,0.15
5.801820278167725,0.1,3.0,0.5,3.0,0.8,1.3,0.01
4.159360408782959,0.1,3.0,0.5,3.0,0.8,2.0,0.15
14.962801933288574,0.1,3.0,0.5,2.5,0.05,0.9,0.01
7.991522789001465,0.1,3.0,0.5,2.5,0.05,1.3,0.2
11.633803367614746,0.1,3.0,0.5,2.5,0.3,0.9,0.15
6.362096786499023,0.1,3.0,0.5,2.5,0.3,2.0,0.07
7.2221784591674805,0.1,3.0,0.5,2.5,0.3,2.0,0.15
4.736669540405273,0.1,3.0,0.5,2.5,0.8,1.7,0.2
9.445669174194336,0.1,3.0,0.5,2.5,0.8,2.0,0.2
5.792685508728027,0.1,3.0,0.5,2.0,0.05,1.3,0.07
5.0789570808410645,0.1,3.0,0.5,2.0,0.05,2.0,0.15
8.795759201049805,0.1,3.0,0.5,2.0,0.3,0.9,0.01
6.7295026779174805,0.1,3.0,0.5,2.0,0.3,1.7,0.15
6.925607204437256,0.1,3.0,0.5,2.0,0.8,0.9,0.07
5.330174446105957,0.1,3.0,0.5,2.0,0.8,1.7,0.07
9.715971946716309,0.1,3.0,0.5,2.0,0.8,2.0,0.2
10.87942886352539,0.1,3.0,0.5,1.5,0.05,1.3,0.07
6.684854030609131,0.1,3.0,0.5,1.5,0.05,2.0,0.15
11.027081489562988,0.1,3.0,0.5,1.5,0.3,1.3,0.07
6.978574752807617,0.1,3.0,0.5,1.5,0.3,2.0,0.2
6.1364240646362305,0.1,3.0,0.5,1.5,0.8,1.3,0.01
5.288590908050537,0.1,3.0,0.5,1.5,0.8,1.7,0.2
9.525226593017578,0.1,3.0,0.7,3.5,0.05,0.9,0.15
4.9184699058532715,0.1,3.0,0.7,3.5,0.05,1.7,0.07
6.450645923614502,0.1,3.0,0.7,3.5,0.3,0.9,0.2
6.280940055847168,0.1,3.0,0.7,3.5,0.3,2.0,0.01
6.242233753204346,0.1,3.0,0.7,3.5,0.8,0.9,0.01
5.046422481536865,0.1,3.0,0.7,3.5,0.8,1.3,0.01
10.178217887878418,0.1,3.0,0.7,3.5,0.8,2.0,0.15
7.468384265899658,0.1,3.0,0.7,3.0,0.05,1.7,0.01
4.901148319244385,0.1,3.0,0.7,3.0,0.05,2.0,0.01
6.424036026000977,0.1,3.0,0.7,3.0,0.3,1.3,0.01
4.835415363311768,0.1,3.0,0.7,3.0,0.3,2.0,0.01
4.492538928985596,0.1,3.0,0.7,3.0,0.8,0.9,0.2
5.289402961730957,0.1,3.0,0.7,3.0,0.8,1.7,0.15
8.7492036819458,0.1,3.0,0.7,3.0,0.8,2.0,0.2
5.081148624420166,0.1,3.0,0.7,2.5,0.05,1.7,0.15
7.537980556488037,0.1,3.0,0.7,2.5,0.05,2.0,0.15
4.966339111328125,0.1,3.0,0.7,2.5,0.3,1.3,0.01
4.697115421295166,0.1,3.0,0.7,2.5,0.3,2.0,0.15
4.3575334548950195,0.1,3.0,0.7,2.5,0.8,1.3,0.07
4.714552879333496,0.1,3.0,0.7,2.5,0.8,2.0,0.2
14.756242752075195,0.1,3.0,0.7,2.0,0.05,1.3,0.01
7.761207103729248,0.1,3.5,0.1,3.5,0.05,1.3,0.15
4.288127899169922,0.1,3.5,0.1,3.5,0.05,1.7,0.15
5.445374011993408,0.1,3.5,0.1,3.5,0.3,1.3,0.07
6.174921989440918,0.1,3.5,0.1,3.5,0.8,0.5,0.15
4.93571138381958,0.1,3.5,0.1,3.5,0.8,2.0,0.15
10.05888557434082,0.1,3.5,0.1,3.0,0.05,1.3,0.07
13.093311309814453,0.1,3.5,0.1,3.0,0.05,1.7,0.15
5.391611099243164,0.1,3.5,0.1,3.0,0.3,1.7,0.07
6.069910049438477,0.1,3.5,0.1,3.0,0.8,0.9,0.01
7.331866264343262,0.1,3.5,0.1,3.0,0.8,1.7,0.15
5.748223304748535,0.1,3.5,0.1,3.0,0.8,2.0,0.15
9.169574737548828,0.1,3.5,0.1,2.5,0.05,1.3,0.07
5.416540145874023,0.1,3.5,0.1,2.5,0.3,1.3,0.15
4.917107582092285,0.1,3.5,0.1,2.5,0.3,2.0,0.01
5.764029502868652,0.1,3.5,0.1,2.5,0.8,1.3,0.15
3.7885901927948,0.1,3.5,0.1,2.5,0.8,2.0,0.01
6.4579644203186035,0.1,3.5,0.1,2.0,0.05,1.7,0.07
7.918033599853516,0.1,3.5,0.1,2.0,0.05,2.0,0.15
4.333433151245117,0.1,3.5,0.1,2.0,0.3,2.0,0.07
4.3618574142456055,0.1,3.5,0.1,2.0,0.8,0.9,0.15
8.028231620788574,0.1,3.5,0.1,2.0,0.8,2.0,0.07
11.090400695800781,0.1,3.5,0.1,1.5,0.05,1.3,0.15
9.046792984008789,0.1,3.5,0.1,1.5,0.05,1.7,0.2
9.78421688079834,0.1,3.5,0.1,1.5,0.3,1.3,0.07
15.205143928527832,0.1,3.5,0.1,1.5,0.8,0.9,0.15
6.272272109985352,0.1,3.5,0.1,1.5,0.8,1.3,0.07
5.40451192855835,0.1,3.5,0.3,3.5,0.05,1.3,0.01
4.835800647735596,0.1,3.5,0.3,3.5,0.05,2.0,0.15
5.451501846313477,0.1,3.5,0.3,3.5,0.3,1.3,0.2
7.330954074859619,0.1,3.5,0.3,3.5,0.3,2.0,0.07
4.0669331550598145,0.1,3.5,0.3,3.5,0.8,1.7,0.15
8.522634506225586,0.1,3.5,0.3,3.0,0.05,1.3,0.07
8.244635581970215,0.1,3.5,0.3,3.0,0.05,1.3,0.07
7.064873218536377,0.1,3.5,0.3,3.0,0.3,0.9,0.07
4.875287055969238,0.1,3.5,0.3,3.0,0.3,2.0,0.07
5.24192476272583,0.1,3.5,0.3,3.0,0.8,0.9,0.15
7.398436069488525,0.1,3.5,0.3,3.0,0.8,2.0,0.2
5.458744049072266,0.1,3.5,0.3,2.5,0.05,1.7,0.01
8.04797077178955,0.1,3.5,0.3,2.5,0.05,2.0,0.15
4.433948993682861,0.1,3.5,0.3,2.5,0.3,2.0,0.01
5.4987382888793945,0.1,3.5,0.3,2.5,0.8,1.3,0.07
4.969804286956787,0.1,3.5,0.3,2.5,0.8,2.0,0.2
7.4750237464904785,0.1,3.5,0.3,2.0,0.05,1.7,0.01
11.03503131866455,0.1,3.5,0.3,2.0,0.05,2.0,0.2
7.554461479187012,0.1,3.5,0.3,2.0,0.3,1.7,0.07
5.577879428863525,0.1,3.5,0.3,2.0,0.8,0.9,0.2
8.432262420654297,0.1,3.5,0.3,2.0,0.8,2.0,0.15
12.952082633972168,0.1,3.5,0.3,1.5,0.05,1.3,0.01
7.67681884765625,0.1,3.5,0.3,1.5,0.05,2.0,0.15
9.549610137939453,0.1,3.5,0.3,1.5,0.3,2.0,0.07
11.337211608886719,0.1,3.5,0.3,1.5,0.3,2.0,0.15
8.186650276184082,0.1,3.5,0.3,1.5,0.8,1.3,0.07
7.671414852142334,0.1,3.5,0.5,3.5,0.05,1.3,0.07
5.718504428863525,0.1,3.5,0.5,3.5,0.05,1.7,0.2
7.266977310180664,0.1,3.5,0.5,3.5,0.3,0.9,0.07
7.952760219573975,0.1,3.5,0.5,3.5,0.8,0.5,0.07
5.432927131652832,0.1,3.5,0.5,3.5,0.8,0.9,0.15
4.477355480194092,0.1,3.5,0.5,3.5,0.8,2.0,0.07
5.637241363525391,0.1,3.5,0.5,3.0,0.05,1.7,0.15
7.87893533706665,0.1,3.5,0.5,3.0,0.3,0.9,0.07
7.446663856506348,0.1,3.5,0.5,3.0,0.3,1.3,0.2
5.065316677093506,0.1,3.5,0.5,3.0,0.8,1.3,0.15
5.447064399719238,0.1,3.5,0.5,3.0,0.8,1.7,0.15
7.8744306564331055,0.1,3.5,0.5,2.5,0.05,1.7,0.07
7.915984630584717,0.1,3.5,0.5,2.5,0.05,2.0,0.2
8.455896377563477,0.1,3.5,0.5,2.5,0.3,1.3,0.2
4.290381908416748,0.1,3.5,0.5,2.5,0.8,0.9,0.2
7.365346908569336,0.1,3.5,0.5,2.5,0.8,1.7,0.01
9.112343788146973,0.1,3.5,0.5,2.0,0.05,0.9,0.15
7.132483959197998,0.1,3.5,0.5,2.0,0.05,2.0,0.01
9.251213073730469,0.1,3.5,0.5,2.0,0.3,2.0,0.01
7.986473083496094,0.1,3.5,0.5,2.0,0.8,0.9,0.01
4.170888423919678,0.1,3.5,0.5,2.0,0.8,1.7,0.2
11.273372650146484,0.1,3.5,0.5,1.5,0.05,1.3,0.15
7.254858016967773,0.1,3.5,0.5,1.5,0.05,2.0,0.07
6.832738399505615,0.1,3.5,0.5,1.5,0.3,1.7,0.15
5.814058303833008,0.1,3.5,0.5,1.5,0.8,0.9,0.15
5.715355396270752,0.1,3.5,0.5,1.5,0.8,1.7,0.2
7.344128608703613,0.1,3.5,0.7,3.5,0.05,1.3,0.2
5.285210609436035,0.1,3.5,0.7,3.5,0.05,2.0,0.01
5.207001209259033,0.1,3.5,0.7,3.5,0.3,1.3,0.15
4.373797416687012,0.1,3.5,0.7,3.5,0.3,2.0,0.07
4.903444766998291,0.1,3.5,0.7,3.5,0.8,1.3,0.2
8.043728828430176,0.1,3.5,0.7,3.5,0.8,2.0,0.2
3.21138072013855,0.1,3.5,0.7,3.0,0.05,1.7,0.07
5.1594648361206055,0.1,3.5,0.7,3.0,0.3,1.3,0.07
5.854051113128662,0.1,3.5,0.7,3.0,0.8,0.5,0.2
4.370668888092041,0.1,3.5,0.7,3.0,0.8,1.3,0.15
8.57479190826416,0.1,3.5,0.7,3.0,0.8,2.0,0.2
7.252829074859619,0.1,3.5,0.7,2.5,0.05,2.0,0.01
10.647786140441895,0.1,3.5,0.7,2.5,0.3,1.3,0.07
6.787705421447754,0.1,3.5,0.7,2.5,0.3,1.3,0.15
5.09366512298584,0.1,3.5,0.7,2.5,0.8,1.7,0.15
7.159496784210205,0.1,3.5,0.7,2.5,0.8,1.7,0.07
7.012943267822266,0.1,3.5,0.7,2.0,0.05,1.7,0.01
6.74849271774292,0.1,3.5,0.7,2.0,0.05,2.0,0.15
5.127933025360107,0.1,3.5,0.7,2.0,0.3,2.0,0.15
7.3135986328125,0.1,3.5,0.7,2.0,0.8,1.3,0.07
5.789149284362793,0.1,3.5,0.7,2.0,0.8,2.0,0.15
14.834805488586426,0.1,3.5,0.7,1.5,0.05,0.9,0.07
9.203520774841309,0.1,3.5,0.7,1.5,0.05,2.0,0.2
7.1826910972595215,0.1,3.5,0.7,1.5,0.3,1.7,0.2
12.536171913146973,0.1,3.5,0.7,1.5,0.8,0.5,0.01
4.746359825134277,0.1,3.5,0.7,1.5,0.8,1.3,0.2
7.028800010681152,0.1,3.5,0.9,3.5,0.05,1.3,0.15
5.776510238647461,0.1,3.5,0.9,3.5,0.05,1.7,0.07
4.801595687866211,0.1,3.5,0.9,3.5,0.3,1.3,0.2
3.1208395957946777,0.1,3.5,0.9,3.5,0.3,2.0,0.01
4.581042766571045,0.1,3.5,0.9,3.5,0.8,0.9,0.15
8.25991439819336,0.1,3.5,0.9,3.5,0.8,2.0,0.07
7.458508491516113,0.1,3.5,0.9,3.0,0.05,1.7,0.01
4.389173984527588,0.1,3.5,0.9,3.0,0.3,1.3,0.01
7.071985244750977,0.1,3.5,0.9,3.0,0.3,2.0,0.01
2.722989320755005,0.1,3.5,0.9,3.0,0.8,0.9,0.2
5.54394006729126,0.1,3.5,0.9,3.0,0.8,1.7,0.01
9.05063533782959,0.1,3.5,0.9,2.5,0.05,1.7,0.07
10.154332160949707,0.1,3.5,0.9,2.5,0.05,2.0,0.15
6.357179641723633,0.1,3.5,0.9,2.5,0.3,1.7,0.15
5.971457481384277,0.1,3.5,0.9,2.5,0.8,1.3,0.2
6.356912136077881,0.1,3.5,0.9,2.5,0.8,1.3,0.01
4.079611778259277,0.1,3.5,0.9,2.0,0.05,1.3,0.2
6.881197452545166,0.1,3.5,0.9,2.0,0.05,2.0,0.01
10.343400955200195,0.1,3.5,0.9,2.0,0.3,2.0,0.07
4.565761566162109,0.1,3.5,0.9,2.0,0.8,1.3,0.15
6.352367877960205,0.1,3.5,0.9,2.0,0.8,1.3,0.2
9.2510404586792,0.1,3.5,0.9,1.5,0.05,1.7,0.01
9.345449447631836,0.1,3.5,0.9,1.5,0.3,0.9,0.01
8.395198822021484,0.1,3.5,0.9,1.5,0.3,1.7,0.07
8.577777862548828,0.1,3.5,0.9,1.5,0.8,0.9,0.2
4.174814224243164,0.1,3.5,0.9,1.5,0.8,2.0,0.15
8.356861114501953,0.1,3.0,0.1,3.5,0.05,1.3,0.01
5.204625129699707,0.1,3.0,0.1,3.5,0.05,2.0,0.01
6.3410844802856445,0.1,3.0,0.1,3.5,0.3,1.3,0.2
7.074008464813232,0.1,3.0,0.1,3.5,0.8,0.5,0.01
9.484670639038086,0.1,3.0,0.1,3.5,0.8,1.3,0.15
8.978053092956543,0.1,3.0,0.1,3.5,0.8,2.0,0.07
7.8261399269104,0.1,3.0,0.1,3.0,0.05,1.7,0.01
9.833495140075684,0.1,3.0,0.1,3.0,0.3,0.9,0.01
3.659592866897583,0.1,3.0,0.1,3.0,0.3,2.0,0.01
4.2186713218688965,0.1,3.0,0.1,3.0,0.8,1.7,0.15
6.870059967041016,0.1,3.0,0.1,3.0,0.8,2.0,0.07
6.293513298034668,0.1,3.0,0.1,2.5,0.05,1.7,0.2
7.557107448577881,0.1,3.0,0.1,2.5,0.05,2.0,0.15
5.540290832519531,0.1,3.0,0.1,2.5,0.3,2.0,0.01
5.659041881561279,0.1,3.0,0.1,2.5,0.8,0.9,0.07
3.884251594543457,0.1,3.0,0.1,2.5,0.8,2.0,0.07
12.293685913085938,0.1,3.0,0.1,2.0,0.05,1.7,0.15
10.430577278137207,0.1,3.0,0.1,2.0,0.05,2.0,0.07
7.940299987792969,0.1,3.0,0.1,2.0,0.3,2.0,0.15
6.3351569175720215,0.1,3.0,0.1,2.0,0.8,1.3,0.15
5.414753437042236,0.1,3.0,0.1,2.0,0.8,2.0,0.2
13.493866920471191,0.1,3.0,0.1,1.5,0.05,0.9,0.2
7.74315881729126,0.1,3.0,0.1,1.5,0.05,2.0,0.01
9.805887222290039,0.1,3.0,0.1,1.5,0.3,1.3,0.01
8.164957046508789,0.1,3.0,0.1,1.5,0.3,1.7,0.2
6.046284198760986,0.1,3.0,0.1,1.5,0.8,0.9,0.01
4.981690406799316,0.1,3.0,0.1,1.5,0.8,1.3,0.2
8.331955909729004,0.1,3.0,0.3,3.5,0.05,1.3,0.2
8.894997596740723,0.1,3.0,0.3,3.5,0.05,1.3,0.2
5.684354782104492,0.1,3.0,0.3,3.5,0.3,1.3,0.15
4.129403114318848,0.1,3.0,0.3,3.5,0.3,2.0,0.15
5.752419948577881,0.1,3.0,0.3,3.5,0.8,0.9,0.07
9.600961685180664,0.1,3.0,0.3,3.5,0.8,2.0,0.2
9.145291328430176,0.1,3.0,0.3,3.0,0.05,1.7,0.01
4.8611040115356445,0.1,3.0,0.3,3.0,0.05,1.7,0.2
8.503296852111816,0.1,3.0,0.3,3.0,0.3,1.7,0.01
7.47035551071167,0.1,3.0,0.3,3.0,0.3,2.0,0.2
7.137232303619385,0.1,3.0,0.3,3.0,0.8,1.3,0.07
5.817163467407227,0.1,3.0,0.3,3.0,0.8,2.0,0.15
6.9904680252075195,0.1,3.0,0.3,2.5,0.05,1.7,0.07
5.863565444946289,0.1,3.0,0.3,2.5,0.05,2.0,0.07
7.446278095245361,0.1,3.0,0.3,2.5,0.3,1.3,0.01
4.233363151550293,0.1,3.0,0.3,2.5,0.3,2.0,0.07
6.446732997894287,0.1,3.0,0.3,2.5,0.8,1.3,0.2
6.054677963256836,0.1,3.0,0.3,2.5,0.8,1.7,0.15
10.541332244873047,0.1,3.0,0.3,2.0,0.05,1.7,0.15
6.738476276397705,0.1,3.0,0.3,2.0,0.05,2.0,0.2
4.591358661651611,0.1,3.0,0.3,2.0,0.3,1.3,0.07
6.924646854400635,0.1,3.0,0.3,2.0,0.8,0.9,0.01
5.3411664962768555,0.1,3.0,0.3,2.0,0.8,1.7,0.2
5.768951892852783,0.1,3.0,0.3,2.0,0.8,1.7,0.15
10.478097915649414,0.1,3.0,0.3,1.5,0.05,1.7,0.01
12.333680152893066,0.1,3.0,0.3,1.5,0.05,2.0,0.07
8.883427619934082,0.1,3.0,0.3,1.5,0.3,1.7,0.01
7.129491806030273,0.1,3.0,0.3,1.5,0.3,2.0,0.01
6.979852676391602,0.1,3.0,0.3,1.5,0.8,1.3,0.15
9.954208374023438,0.1,3.0,0.3,1.5,0.8,2.0,0.15
3.95871901512146,0.1,3.0,0.5,3.5,0.05,1.7,0.2
3.9025652408599854,0.1,3.0,0.5,3.5,0.05,2.0,0.07
4.877312183380127,0.1,3.0,0.5,3.5,0.3,1.7,0.15
6.791854381561279,0.1,3.0,0.5,3.5,0.8,0.9,0.01
5.598517894744873,0.1,3.0,0.5,3.5,0.8,0.9,0.2
6.998269081115723,0.1,3.0,0.5,3.0,0.05,0.9,0.15
7.231244087219238,0.1,3.0,0.5,3.0,0.05,2.0,0.01
7.428920745849609,0.1,3.0,0.5,3.0,0.05,2.0,0.2
6.536584854125977,0.1,3.0,0.5,3.0,0.3,1.3,0.15
6.557382583618164,0.1,3.0,0.5,3.0,0.8,0.9,0.15
4.944328308105469,0.1,3.0,0.5,3.0,0.8,1.7,0.2
5.9202775955200195,0.1,3.0,0.5,3.0,0.8,2.0,0.07
7.180303573608398,0.1,3.0,0.5,2.5,0.05,1.7,0.2
8.236091613769531,0.1,3.0,0.5,2.5,0.3,0.9,0.2
5.0400710105896,0.1,3.0,0.5,2.5,0.3,1.3,0.01
6.7506279945373535,0.1,3.0,0.5,2.5,0.8,0.9,0.01
6.549707412719727,0.1,3.0,0.5,2.5,0.8,1.7,0.01
8.074268341064453,0.1,3.0,0.5,2.0,0.05,1.3,0.01
7.070411205291748,0.1,3.0,0.5,2.0,0.05,2.0,0.2
6.026586055755615,0.1,3.0,0.5,2.0,0.3,1.3,0.01
6.252188205718994,0.1,3.0,0.5,2.0,0.3,1.7,0.2
11.667251586914062,0.1,3.0,0.5,2.0,0.3,2.0,0.2
6.974334239959717,0.1,3.0,0.5,2.0,0.8,2.0,0.01
13.87635326385498,0.1,3.0,0.5,1.5,0.05,1.3,0.01
7.016242980957031,0.1,3.0,0.5,1.5,0.05,1.7,0.01
7.280112266540527,0.1,3.0,0.5,1.5,0.3,1.3,0.2
5.765960693359375,0.1,3.0,0.5,1.5,0.3,2.0,0.07
5.364015102386475,0.1,3.0,0.5,1.5,0.8,1.3,0.07
3.956483840942383,0.1,3.0,0.5,1.5,0.8,2.0,0.07
6.945075035095215,0.1,3.0,0.7,3.5,0.05,1.7,0.01
3.5755317211151123,0.1,3.0,0.7,3.5,0.05,1.7,0.2
5.18208646774292,0.1,3.0,0.7,3.5,0.3,1.3,0.07
6.467399597167969,0.1,3.0,0.7,3.5,0.3,2.0,0.2
4.862340450286865,0.1,3.0,0.7,3.5,0.8,1.3,0.07
4.60172700881958,0.1,3.0,0.7,3.5,0.8,1.7,0.07
5.113723278045654,0.1,3.0,0.7,3.0,0.05,1.3,0.15
8.893442153930664,0.1,3.0,0.7,3.0,0.05,1.7,0.2
5.411560535430908,0.1,3.0,0.7,3.0,0.3,0.9,0.01
6.335720062255859,0.1,3.0,0.7,3.0,0.3,1.7,0.15
4.416195392608643,0.1,3.0,0.7,3.0,0.8,1.3,0.2
6.324893951416016,0.1,3.0,0.7,3.0,0.8,2.0,0.07
4.584785461425781,0.1,3.0,0.7,2.5,0.05,1.7,0.07
5.591660976409912,0.1,3.0,0.7,2.5,0.05,2.0,0.2
4.229856491088867,0.1,3.0,0.7,2.5,0.3,1.3,0.2
4.38907527923584,0.1,3.0,0.7,2.5,0.3,2.0,0.01
6.531562328338623,0.1,3.0,0.7,2.5,0.8,1.3,0.15
5.230959415435791,0.1,3.0,0.7,2.5,0.8,2.0,0.15
7.104278564453125,0.1,3.0,0.7,2.0,0.05,1.7,0.01
7.758743762969971,0.1,3.0,0.7,2.0,0.05,1.7,0.15
6.829566955566406,0.1,3.0,0.7,2.0,0.3,1.7,0.07
5.699681282043457,0.1,3.0,0.7,2.0,0.3,1.7,0.15
10.283717155456543,0.1,3.0,0.7,2.0,0.3,2.0,0.2
6.049656867980957,0.1,3.0,0.7,2.0,0.8,1.3,0.15
5.5898637771606445,0.1,3.0,0.7,2.0,0.8,2.0,0.15
5.12265682220459,0.1,3.0,0.7,1.5,0.05,1.7,0.07
6.567299842834473,0.1,3.0,0.7,1.5,0.05,2.0,0.2
7.181802272796631,0.1,3.0,0.7,1.5,0.3,1.3,0.15
7.594103813171387,0.1,3.0,0.7,1.5,0.8,0.9,0.07
6.334275245666504,0.1,3.0,0.7,1.5,0.8,1.3,0.15
5.371020793914795,0.1,3.0,0.7,1.5,0.8,1.7,0.01
7.729061126708984,0.1,3.0,0.9,3.5,0.05,1.7,0.01
5.963798999786377,0.1,3.0,0.9,3.5,0.05,1.7,0.15
4.593855857849121,0.1,3.0,0.9,3.5,0.3,1.3,0.07
6.0515265464782715,0.1,3.0,0.9,3.5,0.3,1.3,0.2
3.9013454914093018,0.1,3.0,0.9,3.5,0.8,0.5,0.2
4.496175289154053,0.1,3.0,0.9,3.5,0.8,1.7,0.01
7.132551670074463,0.1,3.0,0.9,3.5,0.8,2.0,0.07
6.042778968811035,0.1,3.0,0.9,3.0,0.05,1.3,0.01
6.467369556427002,0.1,3.0,0.9,3.0,0.05,2.0,0.15
5.406274795532227,0.1,3.0,0.9,3.0,0.3,1.3,0.15
4.566267013549805,0.1,3.0,0.9,3.0,0.3,1.7,0.07
3.5028388500213623,0.1,3.0,0.9,3.0,0.8,1.3,0.2
4.1840715408325195,0.1,3.0,0.9,3.0,0.8,1.7,0.07
5.5656867027282715,0.1,3.0,0.9,2.5,0.05,1.3,0.01
4.929980278015137,0.1,3.0,0.9,2.5,0.05,1.7,0.01
7.489383697509766,0.1,3.0,0.9,2.5,0.3,0.9,0.15
6.7182793617248535,0.1,3.0,0.9,2.5,0.3,1.3,0.07
6.037694454193115,0.1,3.0,0.9,2.5,0.8,0.9,0.07
4.190343379974365,0.1,3.0,0.9,2.5,0.8,1.7,0.15
8.520036697387695,0.1,3.0,0.9,2.5,0.8,1.3,0.2
4.289546012878418,0.1,3.0,0.9,2.0,0.05,1.3,0.15
7.958178520202637,0.1,3.0,0.9,2.0,0.05,2.0,0.01
5.604885101318359,0.1,3.0,0.9,2.0,0.3,1.3,0.07
7.415229320526123,0.1,3.0,0.9,2.0,0.3,1.3,0.2
5.891079425811768,0.1,3.0,0.9,2.0,0.8,1.3,0.01
4.220202922821045,0.1,3.0,0.9,2.0,0.8,0.9,0.15
8.957013130187988,0.1,3.0,0.9,2.0,0.8,2.0,0.15
5.234054088592529,0.1,3.0,0.9,1.5,0.05,2.0,0.01
5.706406593322754,0.1,3.0,0.9,1.5,0.05,2.0,0.01
6.4064812660217285,0.1,3.0,0.9,1.5,0.3,1.7,0.01
4.9792962074279785,0.1,3.0,0.9,1.5,0.3,1.7,0.2
9.442813873291016,0.1,3.0,0.9,1.5,0.8,1.3,0.15
6.787292003631592,0.1,3.0,0.9,1.5,0.8,1.7,0.07
11.894883155822754,0.1,2.5,0.1,3.5,0.05,1.3,0.01
3.964465618133545,0.1,2.5,0.1,3.5,0.05,2.0,0.01
10.142873764038086,0.1,2.5,0.1,3.5,0.3,1.3,0.01
5.490656852722168,0.1,2.5,0.1,3.5,0.3,2.0,0.01
7.4758501052856445,0.1,2.5,0.1,3.5,0.8,0.9,0.15
6.390822887420654,0.1,2.5,0.1,3.5,0.8,1.3,0.07
5.7618408203125,0.1,2.5,0.1,3.5,0.8,1.7,0.07
7.822595596313477,0.1,2.5,0.1,3.0,0.05,1.3,0.2
6.615307807922363,0.1,2.5,0.1,3.0,0.05,1.7,0.07
7.460925102233887,0.1,2.5,0.1,3.0,0.05,2.0,0.2
4.60184383392334,0.1,2.5,0.1,3.0,0.3,2.0,0.07
3.9588587284088135,0.1,2.5,0.1,3.0,0.8,1.3,0.07
8.78311824798584,0.1,2.5,0.1,3.0,0.8,0.9,0.2
8.269072532653809,0.1,2.5,0.1,3.0,0.8,2.0,0.15
8.832761764526367,0.1,2.5,0.1,2.5,0.05,1.7,0.15
12.780223846435547,0.1,2.5,0.1,2.5,0.05,1.7,0.2
7.084246635437012,0.1,2.5,0.1,2.5,0.3,1.7,0.15
7.849970817565918,0.1,2.5,0.1,2.5,0.3,1.7,0.2
5.958096027374268,0.1,2.5,0.1,2.5,0.8,1.3,0.01
5.828779697418213,0.1,2.5,0.1,2.5,0.8,1.7,0.15
7.318499565124512,0.1,2.5,0.1,2.0,0.05,1.3,0.15
11.5174560546875,0.1,2.5,0.1,2.0,0.05,2.0,0.07
8.26944637298584,0.1,2.5,0.1,2.0,0.3,0.9,0.15
5.3626837730407715,0.1,2.5,0.1,2.0,0.3,1.7,0.15
6.739198207855225,0.1,2.5,0.1,2.0,0.3,2.0,0.15
9.397897720336914,0.1,2.5,0.1,2.0,0.8,1.7,0.2
6.998705863952637,0.1,2.5,0.1,2.0,0.8,1.7,0.01
14.504383087158203,0.1,2.5,0.1,1.5,0.05,1.7,0.07
13.907075881958008,0.1,2.5,0.1,1.5,0.05,1.7,0.2
10.464408874511719,0.1,2.5,0.1,1.5,0.05,2.0,0.15
6.593939781188965,0.1,2.5,0.1,1.5,0.3,1.7,0.2
7.707075595855713,0.1,2.5,0.1,1.5,0.8,1.3,0.01
6.659752368927002,0.1,2.5,0.1,1.5,0.8,1.3,0.15
6.859678745269775,0.1,2.5,0.1,1.5,0.8,2.0,0.15
6.823583126068115,0.1,2.5,0.3,3.5,0.05,1.3,0.07
4.317704200744629,0.1,2.5,0.3,3.5,0.05,2.0,0.15
4.602638244628906,0.1,2.5,0.3,3.5,0.3,1.3,0.01
6.0938591957092285,0.1,2.5,0.3,3.5,0.3,1.7,0.15
8.943946838378906,0.1,2.5,0.3,3.5,0.8,0.9,0.07
6.01626443862915,0.1,2.5,0.3,3.5,0.8,1.3,0.2
3.710578441619873,0.1,2.5,0.3,3.5,0.8,2.0,0.15
5.776137351989746,0.1,2.5,0.3,3.0,0.05,1.7,0.01
10.4013032913208,0.1,2.5,0.3,3.0,0.05,2.0,0.15
7.675466537475586,0.1,2.5,0.3,3.0,0.3,1.3,0.07
7.511392116546631,0.1,2.5,0.3,3.0,0.8,0.9,0.15
5.924071788787842,0.1,2.5,0.3,3.0,0.8,0.9,0.07
9.233650207519531,0.1,2.5,0.3,3.0,0.8,1.7,0.07
14.85731315612793,0.1,2.5,0.3,2.5,0.05,1.7,0.01
7.692537307739258,0.1,2.5,0.3,2.5,0.05,1.7,0.2
5.023563385009766,0.1,2.5,0.3,2.5,0.3,1.3,0.15
7.439745903015137,0.1,2.5,0.3,2.5,0.3,1.7,0.2
4.860945701599121,0.1,2.5,0.3,2.5,0.8,0.9,0.07
4.778152942657471,0.1,2.5,0.3,2.5,0.8,1.3,0.07
5.173239231109619,0.1,2.5,0.3,2.5,0.8,2.0,0.07
5.691113471984863,0.1,2.5,0.3,2.0,0.05,1.3,0.07
8.444912910461426,0.1,2.5,0.3,2.0,0.05,2.0,0.15
5.445772647857666,0.1,2.5,0.3,2.0,0.3,1.7,0.01
11.399267196655273,0.1,2.5,0.3,2.0,0.3,1.3,0.15
4.289853572845459,0.1,2.5,0.3,2.0,0.8,1.3,0.15
8.154117584228516,0.1,2.5,0.3,2.0,0.8,2.0,0.2
10.781543731689453,0.1,2.5,0.3,1.5,0.05,1.3,0.07
11.576623916625977,0.1,2.5,0.3,1.5,0.05,1.3,0.01
8.374820709228516,0.1,2.5,0.3,1.5,0.05,2.0,0.01
6.7469000816345215,0.1,2.5,0.3,1.5,0.3,2.0,0.01
6.085929870605469,0.1,2.5,0.3,1.5,0.3,1.7,0.15
4.208802700042725,0.1,2.5,0.3,1.5,0.8,1.3,0.01
6.53823709487915,0.1,2.5,0.3,1.5,0.8,2.0,0.15
9.629135131835938,0.1,2.5,0.5,3.5,0.05,1.7,0.01
4.9147725105285645,0.1,2.5,0.5,3.5,0.05,1.7,0.01
12.027938842773438,0.1,2.5,0.5,3.5,0.3,0.9,0.07
4.704326629638672,0.1,2.5,0.5,3.5,0.3,1.3,0.01
3.7502145767211914,0.1,2.5,0.5,3.5,0.3,2.0,0.15
3.4929749965667725,0.1,2.5,0.5,3.5,0.8,1.7,0.07
6.443758487701416,0.1,2.5,0.5,3.5,0.8,2.0,0.01
8.420836448669434,0.1,2.5,0.5,3.0,0.05,1.7,0.01
5.703859329223633,0.1,2.5,0.5,3.0,0.3,0.9,0.01
3.5207645893096924,0.1,2.5,0.5,3.0,0.3,1.7,0.15
11.323535919189453,0.1,2.5,0.5,3.0,0.3,2.0,0.15
4.169133186340332,0.1,2.5,0.5,3.0,0.8,1.3,0.07
4.63265323638916,0.1,2.5,0.5,3.0,0.8,1.7,0.2
7.604876518249512,0.1,2.5,0.5,3.0,0.8,2.0,0.2
5.258123874664307,0.1,2.5,0.5,2.5,0.05,2.0,0.07
5.961928844451904,0.1,2.5,0.5,2.5,0.05,2.0,0.2
6.026731014251709,0.1,2.5,0.5,2.5,0.3,2.0,0.01
4.743224620819092,0.1,2.5,0.5,2.5,0.3,2.0,0.01
5.142712593078613,0.1,2.5,0.5,2.5,0.8,1.3,0.07
5.796751499176025,0.1,2.5,0.5,2.5,0.8,1.3,0.2
10.493958473205566,0.1,2.5,0.5,2.0,0.05,1.3,0.01
9.072254180908203,0.1,2.5,0.5,2.0,0.05,2.0,0.01
4.45789098739624,0.1,2.5,0.5,2.0,0.05,2.0,0.2
5.75298547744751,0.1,2.5,0.5,2.0,0.3,1.3,0.2
6.456857681274414,0.1,2.5,0.5,2.0,0.3,2.0,0.2
5.064919471740723,0.1,2.5,0.5,2.0,0.8,2.0,0.07
4.627986907958984,0.1,2.5,0.5,2.0,0.8,1.7,0.15
8.948872566223145,0.1,2.5,0.5,1.5,0.05,1.3,0.2
9.703315734863281,0.1,3.5,0.1,3.5,0.05,1.7,0.07
11.437678337097168,0.1,3.5,0.1,3.5,0.05,2.0,0.07
7.653225421905518,0.1,3.5,0.1,3.5,0.3,1.7,0.2
4.350009441375732,0.1,3.5,0.1,3.5,0.8,0.9,0.07
6.685584545135498,0.1,3.5,0.1,3.5,0.8,2.0,0.07
10.229287147521973,0.1,3.5,0.1,3.0,0.05,2.0,0.2
8.918669700622559,0.1,3.5,0.1,3.0,0.3,0.9,0.07
7.027472972869873,0.1,3.5,0.1,3.0,0.8,0.9,0.07
5.517087936401367,0.1,3.5,0.1,3.0,0.8,2.0,0.07
12.76324462890625,0.1,3.5,0.1,2.5,0.05,1.3,0.01
9.739545822143555,0.1,3.5,0.1,2.5,0.05,2.0,0.01
7.538223743438721,0.1,3.5,0.1,2.5,0.3,1.7,0.2
6.672872543334961,0.1,3.5,0.1,2.5,0.8,0.9,0.01
5.205855846405029,0.1,3.5,0.1,2.5,0.8,1.7,0.01
12.270745277404785,0.1,3.5,0.1,2.0,0.05,1.3,0.15
11.288663864135742,0.1,3.5,0.1,2.0,0.05,1.7,0.2
6.933474063873291,0.1,3.5,0.1,2.0,0.3,1.7,0.15
7.685943126678467,0.1,3.5,0.1,2.0,0.8,1.7,0.15
9.264917373657227,0.1,3.5,0.1,2.0,0.8,2.0,0.15
6.703176498413086,0.1,3.5,0.1,1.5,0.05,1.7,0.15
8.729232788085938,0.1,3.5,0.1,1.5,0.3,1.7,0.07
4.552573204040527,0.1,3.5,0.1,1.5,0.3,1.7,0.2
6.341635227203369,0.1,3.5,0.1,1.5,0.8,2.0,0.01
9.211156845092773,0.1,3.5,0.3,3.5,0.05,1.3,0.07
3.7675886154174805,0.1,3.5,0.3,3.5,0.05,2.0,0.01
4.006110191345215,0.1,3.5,0.3,3.5,0.3,1.7,0.01
3.9200568199157715,0.1,3.5,0.3,3.5,0.8,1.3,0.2
7.135558605194092,0.1,3.5,0.3,3.5,0.8,1.7,0.07
8.088565826416016,0.1,3.5,0.3,3.0,0.05,2.0,0.07
4.381033420562744,0.1,3.5,0.3,3.0,0.05,2.0,0.2
3.637859344482422,0.1,3.5,0.3,3.0,0.3,1.3,0.07
4.885343551635742,0.1,3.5,0.3,3.0,0.8,1.7,0.15
8.368696212768555,0.1,3.5,0.1,3.5,0.05,1.7,0.2
10.553680419921875,0.1,3.5,0.1,3.5,0.3,1.3,0.15
5.573718547821045,0.1,3.5,0.1,3.5,0.3,2.0,0.15
4.191565990447998,0.1,3.5,0.1,3.5,0.8,2.0,0.2
10.620113372802734,0.1,3.5,0.1,3.0,0.05,1.3,0.01
8.568799018859863,0.1,3.5,0.1,3.0,0.3,1.7,0.01
7.867105484008789,0.1,3.5,0.1,3.0,0.3,2.0,0.2
5.7573137283325195,0.1,3.5,0.1,3.0,0.8,1.3,0.01
6.166782379150391,0.1,3.5,0.1,2.5,0.05,1.7,0.2
8.300044059753418,0.1,3.5,0.1,2.5,0.3,0.9,0.07
6.36317777633667,0.1,3.5,0.1,2.5,0.3,1.7,0.01
7.037509918212891,0.1,3.5,0.1,2.5,0.8,1.7,0.15
10.603042602539062,0.1,3.5,0.1,2.0,0.05,1.3,0.07
8.000984191894531,0.1,3.5,0.1,2.0,0.05,1.7,0.15
8.688455581665039,0.1,3.5,0.1,2.0,0.3,1.3,0.15
5.222129821777344,0.1,3.5,0.1,2.0,0.8,1.7,0.07
10.530561447143555,0.1,3.5,0.1,1.5,0.05,1.7,0.07
11.6748046875,0.1,3.5,0.1,1.5,0.05,1.7,0.01
6.882450103759766,0.1,3.5,0.1,1.5,0.3,2.0,0.01
7.768939018249512,0.1,3.5,0.1,1.5,0.8,1.7,0.01
5.637234210968018,0.1,3.5,0.1,1.5,0.8,2.0,0.15
8.476164817810059,0.1,3.5,0.3,3.5,0.05,1.3,0.2
5.468983173370361,0.1,3.5,0.3,3.5,0.3,1.7,0.15
4.890579700469971,0.1,3.5,0.3,3.5,0.8,1.7,0.2
3.661729574203491,0.1,3.5,0.3,3.5,0.8,2.0,0.2
9.909746170043945,0.1,3.5,0.3,3.0,0.05,1.3,0.15
5.4262590408325195,0.1,3.5,0.3,3.0,0.3,1.7,0.01
4.071920394897461,0.1,3.5,0.3,3.0,0.8,0.9,0.2
4.950294494628906,0.1,3.5,0.3,3.0,0.8,1.7,0.07
8.53134822845459,0.1,3.5,0.3,2.5,0.05,1.3,0.01
10.241694450378418,0.1,3.5,0.3,2.5,0.3,0.9,0.15
5.024785041809082,0.1,3.5,0.3,2.5,0.3,2.0,0.15
4.382196426391602,0.1,3.5,0.3,2.5,0.8,2.0,0.07
10.633734703063965,0.1,3.5,0.3,2.5,0.8,2.0,0.07
7.283973217010498,0.1,3.5,0.3,2.0,0.05,1.7,0.07
6.815324306488037,0.1,3.5,0.3,2.0,0.3,2.0,0.07
6.848743915557861,0.1,3.5,0.3,2.0,0.8,1.3,0.01
5.952579021453857,0.1,3.5,0.3,2.0,0.8,1.7,0.15
8.860943794250488,0.1,3.5,0.3,1.5,0.05,1.3,0.15
9.439310073852539,0.1,3.5,0.3,1.5,0.05,2.0,0.07
6.131206035614014,0.1,3.5,0.3,1.5,0.3,1.7,0.15
7.777431964874268,0.1,3.5,0.1,3.5,0.05,2.0,0.01
7.688331127166748,0.1,3.5,0.1,3.5,0.3,1.3,0.01
3.9305574893951416,0.1,3.5,0.1,3.5,0.8,1.7,0.01
9.40791130065918,0.1,3.5,0.1,3.5,0.8,2.0,0.01
7.855965614318848,0.1,3.5,0.1,3.0,0.05,1.7,0.2
9.187549591064453,0.1,3.5,0.1,3.0,0.3,2.0,0.07
7.254373550415039,0.1,3.5,0.1,3.0,0.8,0.9,0.2
7.449712753295898,0.1,3.5,0.1,2.5,0.05,2.0,0.07
7.973404407501221,0.1,3.5,0.1,2.5,0.3,0.9,0.2
6.1971306800842285,0.1,3.5,0.1,2.5,0.8,0.9,0.15
7.358514785766602,0.1,3.5,0.1,2.5,0.8,1.7,0.2
15.465686798095703,0.1,3.5,0.1,2.0,0.05,2.0,0.01
5.358685493469238,0.1,3.5,0.1,2.0,0.3,1.7,0.2
5.1821370124816895,0.1,3.5,0.1,2.0,0.8,0.9,0.01
7.950001239776611,0.1,3.5,0.1,1.5,0.05,1.3,0.2
13.598043441772461,0.1,3.5,0.1,1.5,0.05,2.0,0.07
9.983175277709961,0.1,3.5,0.1,1.5,0.3,2.0,0.07
5.996987342834473,0.1,3.5,0.1,1.5,0.8,1.3,0.15
9.585871696472168,0.1,3.5,0.3,3.5,0.05,2.0,0.2
7.611364364624023,0.1,3.5,0.3,3.5,0.3,0.9,0.15
3.5624818801879883,0.1,3.5,0.3,3.5,0.8,1.3,0.15
5.888522624969482,0.1,3.5,0.3,3.5,0.8,2.0,0.01
6.431764125823975,0.1,3.5,0.3,3.0,0.3,0.9,0.01
6.271744251251221,0.1,3.5,0.3,3.0,0.3,1.7,0.2
9.008501052856445,0.1,3.5,0.3,3.0,0.8,1.7,0.2
8.352237701416016,0.1,3.5,0.3,2.5,0.05,1.3,0.2
6.456428527832031,0.1,3.5,0.3,2.5,0.05,1.7,0.2
4.930116176605225,0.1,3.5,0.3,2.5,0.3,1.7,0.01
12.945880889892578,0.1,3.5,0.3,2.5,0.8,0.9,0.2
6.268008708953857,0.1,3.5,0.3,2.5,0.8,1.3,0.2
11.392232894897461,0.1,3.5,0.3,2.0,0.05,2.0,0.01
10.63857650756836,0.1,3.5,0.3,2.0,0.3,0.9,0.2
10.64539623260498,0.1,3.5,0.3,2.0,0.8,0.9,0.01
6.997172832489014,0.1,3.5,0.3,2.0,0.8,1.3,0.2
11.856257438659668,0.1,3.5,0.3,1.5,0.05,1.7,0.15
8.870417594909668,0.1,3.5,0.3,1.5,0.3,0.9,0.15
7.34238338470459,0.1,3.5,0.3,1.5,0.8,0.9,0.2
5.662421226501465,0.1,3.5,0.3,1.5,0.8,1.7,0.15
5.437782287597656,0.1,3.5,0.5,3.5,0.05,0.9,0.2
6.800827503204346,0.1,3.5,0.5,3.5,0.05,1.7,0.15
7.00396728515625,0.1,3.5,0.5,3.5,0.3,1.7,0.2
4.859169960021973,0.1,3.5,0.5,3.5,0.8,0.9,0.07
5.2638020515441895,0.1,3.5,0.5,3.5,0.8,2.0,0.2
10.01032543182373,0.1,3.5,0.5,3.0,0.05,2.0,0.01
5.595158576965332,0.1,3.5,0.5,3.0,0.3,0.9,0.15
6.880758285522461,0.1,3.5,0.5,3.0,0.3,2.0,0.07
7.838391304016113,0.1,3.5,0.5,3.0,0.8,1.3,0.2
9.580674171447754,0.1,3.5,0.5,3.0,0.8,2.0,0.2
6.173964500427246,0.1,3.5,0.5,2.5,0.05,1.3,0.15
5.637713432312012,0.1,3.5,0.5,2.5,0.3,1.3,0.15
6.823531150817871,0.1,3.5,0.5,2.5,0.8,0.9,0.07
4.753104209899902,0.1,3.5,0.5,2.5,0.8,2.0,0.07
5.729680061340332,0.1,3.5,0.5,2.0,0.05,1.7,0.07
9.59737491607666,0.1,3.5,0.5,2.0,0.05,2.0,0.2
7.5769476890563965,0.1,3.5,0.5,2.0,0.3,1.7,0.01
6.1964592933654785,0.1,3.5,0.5,2.0,0.8,0.9,0.15
10.220257759094238,0.1,3.5,0.5,1.5,0.05,1.3,0.01
8.388337135314941,0.1,3.5,0.5,1.5,0.05,2.0,0.2
9.548945426940918,0.1,3.5,0.5,1.5,0.3,1.3,0.07
9.580742835998535,0.1,3.5,0.5,1.5,0.8,0.9,0.07
8.776944160461426,0.1,3.5,0.5,1.5,0.8,1.7,0.07
5.029061317443848,0.1,3.5,0.7,3.5,0.05,1.3,0.07
9.065683364868164,0.1,3.5,0.7,3.5,0.3,0.9,0.15
4.845108509063721,0.1,3.5,0.7,3.5,0.3,1.3,0.2
5.705776214599609,0.1,3.5,0.7,3.5,0.8,1.7,0.07
5.754134178161621,0.1,3.5,0.7,3.5,0.8,2.0,0.15
6.056722640991211,0.1,3.5,0.7,3.0,0.05,0.9,0.2
7.931283950805664,0.1,3.5,0.7,3.0,0.3,1.3,0.2
4.968009948730469,0.1,3.5,0.7,3.0,0.3,2.0,0.15
4.160094738006592,0.1,3.5,0.7,3.0,0.8,1.3,0.07
8.70511531829834,0.1,3.5,0.7,2.5,0.05,1.3,0.07
4.444352149963379,0.1,3.5,0.7,2.5,0.05,1.7,0.15
8.259306907653809,0.1,3.5,0.7,2.5,0.3,1.7,0.07
7.4389448165893555,0.1,3.5,0.7,2.5,0.8,0.9,0.01
6.0503435134887695,0.1,3.5,0.7,2.5,0.8,2.0,0.01
7.369593620300293,0.1,3.5,0.7,2.0,0.05,1.3,0.15
6.583827972412109,0.1,3.5,0.7,2.0,0.05,2.0,0.2
4.578553676605225,0.1,3.5,0.7,2.0,0.3,2.0,0.01
6.87030553817749,0.1,3.5,0.7,2.0,0.8,0.9,0.15
13.297481536865234,0.1,3.5,0.7,1.5,0.05,1.3,0.2
7.355313777923584,0.1,3.5,0.7,1.5,0.05,1.7,0.07
6.169553279876709,0.1,3.5,0.7,1.5,0.3,1.7,0.07
6.662118434906006,0.1,3.5,0.7,1.5,0.8,1.7,0.01
5.029737949371338,0.1,3.5,0.7,1.5,0.8,2.0,0.01
5.30038595199585,0.1,3.5,0.9,3.5,0.05,1.7,0.01
5.198107719421387,0.1,3.5,0.9,3.5,0.05,2.0,0.2
5.078305244445801,0.1,3.5,0.9,3.5,0.3,2.0,0.07
4.744980335235596,0.1,3.5,0.9,3.5,0.8,0.9,0.01
7.628695964813232,0.1,3.5,0.9,3.5,0.8,1.7,0.07
9.208340644836426,0.1,3.5,0.9,3.0,0.05,1.3,0.15
6.744317054748535,0.1,3.5,0.9,3.0,0.3,0.9,0.01
5.123620986938477,0.1,3.5,0.9,3.0,0.3,2.0,0.15
5.855067253112793,0.1,3.5,0.9,3.0,0.8,2.0,0.2
9.856361389160156,0.1,3.5,0.9,2.5,0.05,0.9,0.07
11.171863555908203,0.1,3.5,0.9,2.5,0.05,1.3,0.2
6.977719783782959,0.1,3.5,0.9,2.5,0.3,2.0,0.07
8.21815299987793,0.1,3.5,0.9,2.5,0.8,0.9,0.2
5.936464309692383,0.1,3.5,0.9,2.5,0.8,1.7,0.15
5.885020732879639,0.1,3.5,0.9,2.0,0.05,1.3,0.01
7.4229254722595215,0.1,3.5,0.9,2.0,0.3,1.3,0.01
7.200392723083496,0.1,3.5,0.9,2.0,0.3,1.7,0.07
4.451076984405518,0.1,3.5,0.9,2.0,0.8,1.7,0.2
10.301521301269531,0.1,3.5,0.9,1.5,0.05,0.9,0.15
10.043427467346191,0.1,3.5,0.9,1.5,0.05,1.7,0.15
8.46479320526123,0.1,3.5,0.9,1.5,0.3,1.3,0.15
10.347078323364258,0.1,3.5,0.9,1.5,0.8,0.9,0.01
5.174755573272705,0.1,3.5,0.9,1.5,0.8,1.7,0.2
3.726832866668701,0.1,3.0,0.1,3.5,0.05,2.0,0.2
6.615901947021484,0.1,3.0,0.1,3.5,0.3,1.3,0.07
6.5655317306518555,0.1,3.0,0.1,3.5,0.3,2.0,0.15
4.821963787078857,0.1,3.0,0.1,3.5,0.8,0.9,0.07
9.041119575500488,0.1,3.0,0.1,3.0,0.05,1.3,0.15
3.8002023696899414,0.1,3.0,0.1,3.0,0.05,2.0,0.15
5.513938903808594,0.1,3.0,0.1,3.0,0.3,2.0,0.2
5.648495197296143,0.1,3.0,0.1,3.0,0.8,1.3,0.01
6.104154109954834,0.1,3.0,0.1,3.0,0.8,1.7,0.01
9.68720531463623,0.1,3.0,0.1,2.5,0.05,2.0,0.01
10.467423439025879,0.1,3.0,0.1,2.5,0.3,1.3,0.01
8.1322660446167,0.1,3.0,0.1,2.5,0.3,2.0,0.15
4.080458164215088,0.1,3.0,0.1,2.5,0.8,0.9,0.2
9.673200607299805,0.1,3.0,0.1,2.0,0.05,0.9,0.01
7.116147994995117,0.1,3.0,0.1,2.0,0.05,2.0,0.15
9.592927932739258,0.1,3.0,0.1,2.0,0.3,1.3,0.2
8.857870101928711,0.1,3.0,0.1,2.0,0.3,1.7,0.07
4.362016201019287,0.1,3.0,0.1,2.0,0.8,1.7,0.07
13.748553276062012,0.1,3.0,0.1,1.5,0.05,1.3,0.07
10.623346328735352,0.1,3.0,0.1,1.5,0.05,1.7,0.2
6.821464538574219,0.1,3.0,0.1,1.5,0.3,2.0,0.07
11.374945640563965,0.1,3.0,0.1,1.5,0.3,2.0,0.15
6.201140880584717,0.1,3.0,0.1,1.5,0.8,1.7,0.2
6.758729934692383,0.1,3.0,0.3,3.5,0.05,1.7,0.07
7.242035388946533,0.1,3.0,0.3,3.5,0.05,2.0,0.2
5.885919570922852,0.1,3.0,0.3,3.5,0.3,0.9,0.2
7.046262741088867,0.1,3.0,0.3,3.5,0.8,0.9,0.15
4.279506683349609,0.1,3.0,0.3,3.5,0.8,1.7,0.15
10.58000373840332,0.1,3.0,0.3,3.5,0.8,2.0,0.07
5.474823474884033,0.1,3.0,0.3,3.0,0.05,2.0,0.15
8.547136306762695,0.1,3.0,0.3,3.0,0.3,1.3,0.15
6.208603382110596,0.1,3.0,0.3,3.0,0.3,1.7,0.15
6.505886554718018,0.1,3.0,0.3,3.0,0.8,0.9,0.15
5.427139759063721,0.1,3.0,0.3,3.0,0.8,2.0,0.01
6.17448091506958,0.1,3.0,0.3,2.5,0.05,2.0,0.01
12.080626487731934,0.1,3.0,0.3,2.5,0.3,0.9,0.15
4.335755825042725,0.1,3.0,0.3,2.5,0.3,2.0,0.01
7.300895690917969,0.1,3.0,0.3,2.5,0.8,0.9,0.2
8.56304931640625,0.1,3.0,0.3,2.5,0.8,1.7,0.2
7.322864055633545,0.1,3.0,0.3,2.0,0.05,1.7,0.2
7.983670711517334,0.1,3.0,0.3,2.0,0.3,1.3,0.15
5.877142906188965,0.1,3.0,0.3,2.0,0.3,1.7,0.15
6.2468390464782715,0.1,3.0,0.3,2.0,0.8,1.3,0.01
5.17029333114624,0.1,3.0,0.3,2.0,0.8,2.0,0.15
11.124532699584961,0.1,3.0,0.3,1.5,0.05,1.3,0.15
8.466246604919434,0.1,3.0,0.3,1.5,0.05,1.7,0.2
9.174466133117676,0.1,3.0,0.3,1.5,0.3,1.7,0.15
6.881350040435791,0.1,3.0,0.3,1.5,0.8,1.3,0.07
6.1931023597717285,0.1,3.0,0.3,1.5,0.8,1.7,0.01
7.044229507446289,0.1,3.0,0.5,3.5,0.05,1.3,0.07
5.659801959991455,0.1,3.0,0.5,3.5,0.05,2.0,0.2
4.948190689086914,0.1,3.0,0.5,3.5,0.3,0.9,0.15
5.48510217666626,0.1,3.0,0.5,3.5,0.8,0.9,0.15
4.398443222045898,0.1,3.0,0.5,3.5,0.8,2.0,0.15
13.30456829071045,0.1,3.0,0.5,3.0,0.05,0.9,0.07
9.443342208862305,0.1,3.0,0.5,3.0,0.05,1.7,0.01
7.317104339599609,0.1,3.0,0.5,3.0,0.3,1.3,0.2
4.144381999969482,0.1,3.0,0.5,3.0,0.3,2.0,0.2
6.581177234649658,0.1,3.0,0.5,3.0,0.8,2.0,0.01
7.796911239624023,0.1,3.0,0.5,3.0,0.8,2.0,0.01
7.0968756675720215,0.1,3.0,0.5,2.5,0.05,1.7,0.01
8.145809173583984,0.1,3.0,0.5,2.5,0.3,1.3,0.15
5.422854900360107,0.1,3.0,0.5,2.5,0.3,1.7,0.15
5.157034873962402,0.1,3.0,0.5,2.5,0.8,1.3,0.01
4.689617156982422,0.1,3.0,0.5,2.5,0.8,2.0,0.01
8.021377563476562,0.1,3.0,0.5,2.0,0.05,1.3,0.2
11.51436710357666,0.1,3.0,0.5,2.0,0.05,2.0,0.07
9.250234603881836,0.1,3.0,0.5,2.0,0.3,1.7,0.01
5.711217880249023,0.1,3.0,0.5,2.0,0.8,0.9,0.15
5.215351104736328,0.1,3.0,0.5,2.0,0.8,2.0,0.07
6.776607990264893,0.1,3.0,0.5,1.5,0.05,1.7,0.15
11.172172546386719,0.1,3.0,0.5,1.5,0.05,2.0,0.2
5.69146203994751,0.1,3.0,0.5,1.5,0.3,1.7,0.15
7.952060222625732,0.1,3.0,0.5,1.5,0.8,0.9,0.15
4.821303844451904,0.1,3.0,0.5,1.5,0.8,1.7,0.07
8.011873245239258,0.1,3.0,0.7,3.5,0.05,1.7,0.15
4.455676555633545,0.1,3.0,0.7,3.5,0.3,0.9,0.07
6.033557415008545,0.1,3.0,0.7,3.5,0.3,1.7,0.15
5.839405536651611,0.1,3.0,0.7,3.5,0.3,2.0,0.07
3.9894986152648926,0.1,3.0,0.7,3.5,0.8,1.3,0.15
8.103218078613281,0.1,3.0,0.7,3.0,0.05,1.3,0.07
8.045584678649902,0.1,3.0,0.7,3.0,0.05,1.7,0.07
6.383613586425781,0.1,3.0,0.7,3.0,0.3,1.7,0.2
5.563104629516602,0.1,3.0,0.7,3.0,0.8,0.9,0.07
4.140037536621094,0.1,3.0,0.7,3.0,0.8,1.7,0.07
12.353459358215332,0.1,3.0,0.7,2.5,0.05,0.9,0.01
5.353111267089844,0.1,3.0,0.7,2.5,0.05,1.3,0.2
7.183496475219727,0.1,3.0,0.7,2.5,0.3,1.7,0.07
6.9976911544799805,0.1,3.0,0.7,2.5,0.3,1.7,0.2
3.814662456512451,0.1,3.0,0.7,2.5,0.8,1.3,0.01
8.806446075439453,0.1,3.0,0.7,2.5,0.8,2.0,0.07
9.077999114990234,0.1,3.0,0.7,2.0,0.05,1.7,0.07
9.005807876586914,0.1,3.0,0.7,2.0,0.3,1.3,0.01
5.13574743270874,0.1,3.0,0.7,2.0,0.3,2.0,0.01
6.07078218460083,0.1,3.0,0.7,2.0,0.8,1.3,0.01
4.621372222900391,0.1,3.0,0.7,2.0,0.8,1.7,0.07
8.434158325195312,0.1,3.0,0.7,1.5,0.05,1.3,0.15
11.917092323303223,0.1,3.0,0.7,1.5,0.05,2.0,0.07
9.389973640441895,0.1,3.0,0.7,1.5,0.3,1.3,0.07
4.895894527435303,0.1,3.0,0.7,1.5,0.3,1.7,0.07
8.901782989501953,0.1,3.0,0.7,1.5,0.8,1.3,0.01
9.38765811920166,0.1,3.0,0.7,1.5,0.8,2.0,0.15
6.200556755065918,0.1,3.0,0.9,3.5,0.05,0.9,0.2
4.650805950164795,0.1,3.0,0.9,3.5,0.05,1.7,0.07
5.811798572540283,0.1,3.0,0.9,3.5,0.3,0.9,0.07
5.136934280395508,0.1,3.0,0.9,3.5,0.3,2.0,0.01
6.296223163604736,0.1,3.0,0.9,3.5,0.8,0.9,0.07
4.808887481689453,0.1,3.0,0.9,3.5,0.8,1.7,0.2
4.828771114349365,0.1,3.0,0.9,3.0,0.05,1.3,0.15
4.5715203285217285,0.1,3.0,0.9,3.0,0.05,1.7,0.07
6.808040618896484,0.1,3.0,0.9,3.0,0.3,1.3,0.2
5.095148086547852,0.1,3.0,0.9,3.0,0.3,1.7,0.2
4.470944881439209,0.1,3.0,0.9,3.0,0.8,1.7,0.01
4.8404436111450195,0.1,3.0,0.9,3.0,0.8,1.7,0.15
7.37345552444458,0.1,3.0,0.9,2.5,0.05,1.7,0.15
4.661001205444336,0.1,3.0,0.9,2.5,0.05,2.0,0.07
5.940648555755615,0.1,3.0,0.9,2.5,0.3,1.7,0.01
5.992661476135254,0.1,3.0,0.9,2.5,0.3,1.7,0.2
7.065995216369629,0.1,3.0,0.9,2.5,0.8,1.7,0.2
5.004434108734131,0.1,3.0,0.9,2.5,0.8,2.0,0.01
6.793065547943115,0.1,3.0,0.9,2.0,0.05,1.7,0.07
5.537405490875244,0.1,3.0,0.9,2.0,0.05,1.7,0.2
6.052798748016357,0.1,3.0,0.9,2.0,0.3,1.7,0.01
5.3592658042907715,0.1,3.0,0.9,2.0,0.8,0.9,0.2
9.540454864501953,0.1,3.0,0.9,2.0,0.8,1.7,0.01
5.542014122009277,0.1,3.0,0.9,2.0,0.8,2.0,0.01
7.526872158050537,0.1,3.0,0.9,1.5,0.05,1.7,0.2
8.316033363342285,0.1,3.0,0.9,1.5,0.05,2.0,0.07
6.155294418334961,0.1,3.0,0.9,1.5,0.3,1.3,0.15
5.433569431304932,0.1,3.0,0.9,1.5,0.3,2.0,0.15
8.197455406188965,0.1,3.0,0.9,1.5,0.8,1.7,0.01
5.566514492034912,0.1,3.0,0.9,1.5,0.8,2.0,0.2
6.141441345214844,0.1,2.5,0.1,3.5,0.05,1.7,0.07
8.827327728271484,0.1,2.5,0.1,3.5,0.3,0.9,0.2
4.497743606567383,0.1,2.5,0.1,3.5,0.3,2.0,0.07
6.680832862854004,0.1,2.5,0.1,3.5,0.3,2.0,0.15
4.370143413543701,0.1,2.5,0.1,3.5,0.8,2.0,0.2
12.725179672241211,0.1,2.5,0.1,3.0,0.05,0.9,0.01
8.122633934020996,0.1,2.5,0.1,3.0,0.05,2.0,0.07
8.840230941772461,0.1,2.5,0.1,3.0,0.3,1.3,0.15
4.394210338592529,0.1,2.5,0.1,3.0,0.3,1.7,0.15
6.594144821166992,0.1,2.5,0.1,3.0,0.8,1.3,0.01
3.3072144985198975,0.1,2.5,0.1,3.0,0.8,1.7,0.15
12.938063621520996,0.1,2.5,0.1,2.5,0.05,1.3,0.01
10.812277793884277,0.1,2.5,0.1,2.5,0.05,1.7,0.07
8.03561019897461,0.1,2.5,0.1,2.5,0.3,1.3,0.07
3.186462640762329,0.1,2.5,0.1,2.5,0.3,2.0,0.2
5.1590657234191895,0.1,2.5,0.1,2.5,0.8,1.3,0.15
6.423149585723877,0.1,2.5,0.1,2.5,0.8,2.0,0.15
7.839702129364014,0.1,2.5,0.1,2.0,0.05,1.3,0.01
6.957756042480469,0.1,2.5,0.1,2.0,0.05,2.0,0.01
5.928534507751465,0.1,2.5,0.1,2.0,0.3,1.7,0.01
5.157562255859375,0.1,2.5,0.1,2.0,0.3,2.0,0.2
4.189932346343994,0.1,2.5,0.1,2.0,0.8,1.3,0.07
9.204282760620117,0.1,2.5,0.1,2.0,0.8,2.0,0.2
11.032154083251953,0.1,2.5,0.1,1.5,0.05,2.0,0.01
13.809795379638672,0.1,2.5,0.1,1.5,0.05,2.0,0.07
4.94003963470459,0.1,2.5,0.1,1.5,0.3,1.3,0.15
9.19603157043457,0.1,2.5,0.1,1.5,0.3,2.0,0.2
4.961119174957275,0.1,2.5,0.1,1.5,0.8,1.3,0.07
6.336676597595215,0.1,2.5,0.1,1.5,0.8,1.7,0.2
6.958360195159912,0.1,2.5,0.3,3.5,0.05,1.7,0.15
6.406978607177734,0.1,2.5,0.3,3.5,0.05,1.7,0.2
4.481828212738037,0.1,2.5,0.3,3.5,0.3,0.9,0.15
6.128274917602539,0.1,2.5,0.3,3.5,0.3,2.0,0.2
5.024377822875977,0.1,2.5,0.3,3.5,0.8,1.3,0.15
5.194819450378418,0.1,2.5,0.3,3.5,0.8,2.0,0.2
5.695786476135254,0.1,2.5,0.3,3.0,0.05,1.7,0.07
7.865180015563965,0.1,2.5,0.3,3.0,0.3,1.3,0.01
5.448233604431152,0.1,2.5,0.3,3.0,0.3,1.7,0.01
5.865325450897217,0.1,2.5,0.3,3.0,0.3,2.0,0.07
7.7484917640686035,0.1,2.5,0.3,3.0,0.8,1.7,0.2
10.494711875915527,0.1,2.5,0.3,3.0,0.8,2.0,0.2
5.334916591644287,0.1,2.5,0.3,2.5,0.05,1.7,0.15
10.203603744506836,0.1,2.5,0.3,2.5,0.05,2.0,0.15
6.597597122192383,0.1,2.5,0.3,2.5,0.3,1.3,0.2
7.059412479400635,0.1,2.5,0.3,2.5,0.8,0.9,0.2
6.333427429199219,0.1,2.5,0.3,2.5,0.8,1.7,0.15
12.749899864196777,0.1,2.5,0.3,2.0,0.05,0.9,0.15
6.812907695770264,0.1,2.5,0.3,2.0,0.05,1.7,0.2
13.20445728302002,0.1,2.5,0.3,2.0,0.3,0.9,0.2
8.100259780883789,0.1,2.5,0.3,2.0,0.3,2.0,0.07
5.015951633453369,0.1,2.5,0.3,2.0,0.3,2.0,0.2
4.243772983551025,0.1,2.5,0.3,2.0,0.8,1.7,0.07
14.251730918884277,0.1,2.5,0.3,1.5,0.05,1.3,0.15
10.076691627502441,0.1,2.5,0.3,1.5,0.05,2.0,0.07
11.541818618774414,0.1,2.5,0.3,1.5,0.3,1.3,0.15
7.2079033851623535,0.1,2.5,0.3,1.5,0.3,1.7,0.07
10.52157974243164,0.1,2.5,0.3,1.5,0.8,1.7,0.15
6.8852362632751465,0.1,2.5,0.3,1.5,0.8,1.7,0.15
8.30380630493164,0.1,2.5,0.5,3.5,0.05,1.3,0.07
5.405614376068115,0.1,2.5,0.5,3.5,0.05,2.0,0.01
4.930951118469238,0.1,2.5,0.5,3.5,0.3,1.3,0.07
5.419773578643799,0.1,2.5,0.5,3.5,0.3,1.7,0.15
4.87064790725708,0.1,2.5,0.5,3.5,0.8,1.3,0.07
5.311300754547119,0.1,2.5,0.5,3.5,0.8,2.0,0.2
5.099935531616211,0.1,2.5,0.5,3.0,0.05,1.3,0.2
8.414313316345215,0.1,2.5,0.5,3.0,0.05,2.0,0.2
7.339450836181641,0.1,2.5,0.5,3.0,0.3,1.3,0.15
4.926685333251953,0.1,2.5,0.5,3.0,0.3,2.0,0.2
4.003819465637207,0.1,2.5,0.5,3.0,0.8,0.9,0.2
3.324152946472168,0.1,2.5,0.5,3.0,0.8,2.0,0.07
7.442221641540527,0.1,2.5,0.5,2.5,0.05,1.3,0.01
3.7550153732299805,0.1,2.5,0.5,2.5,0.05,1.7,0.15
5.834925651550293,0.1,2.5,0.5,2.5,0.3,1.7,0.07
6.152943134307861,0.1,2.5,0.5,2.5,0.3,2.0,0.2
7.647042274475098,0.1,2.5,0.5,2.5,0.8,1.7,0.01
9.50849437713623,0.1,2.5,0.5,2.5,0.8,1.7,0.15
9.595048904418945,0.1,2.5,0.5,2.0,0.05,1.3,0.15
8.045435905456543,0.1,2.5,0.5,2.0,0.05,2.0,0.15
8.31289291381836,0.1,2.5,0.5,2.0,0.3,1.3,0.01
5.848526954650879,0.1,2.5,0.5,2.0,0.3,2.0,0.15
6.321156024932861,0.1,2.5,0.5,2.0,0.8,0.9,0.15
6.305343151092529,0.1,2.5,0.5,2.0,0.8,2.0,0.15
9.307169914245605,0.1,2.5,0.5,1.5,0.05,2.0,0.01
13.537339210510254,0.1,2.5,0.5,1.5,0.05,2.0,0.01
6.861756801605225,0.1,3.5,0.1,3.5,0.05,1.3,0.07
6.216545104980469,0.1,3.5,0.1,3.5,0.3,0.9,0.2
4.866347312927246,0.1,3.5,0.1,3.5,0.8,1.3,0.2
7.020156383514404,0.1,3.5,0.1,3.0,0.05,1.7,0.07
4.016491413116455,0.1,3.5,0.1,3.0,0.3,1.7,0.15
6.9429802894592285,0.1,3.5,0.1,3.0,0.8,1.7,0.01
10.133170127868652,0.1,3.5,0.1,2.5,0.05,0.9,0.15
7.91301965713501,0.1,3.5,0.1,2.5,0.05,1.7,0.01
6.975121021270752,0.1,3.5,0.1,2.5,0.3,1.7,0.07
5.065492153167725,0.1,3.5,0.1,2.5,0.8,1.3,0.2
