X,Y,AP1_rss,AP2_rss,AP3_rss,AP1_dev,AP2_dev,AP3_dev,AP1_dist,AP2_dist,AP3_dist,AP1_dist_dev,AP2_dist_dev,AP3_dist_dev
0,0,74,80,84,1.37840487520902,1.14017542509914,0.447213595499958,8163,15675,18089,216.548839756762,107.808626742019,170.171678019581
1,0,75,87,80,1.37840487520902,1.26491106406735,1.34164078649987,6920,17112,17286,181.838114816449,655.075720814014,226.345753218389
2,0,77,73,76,1.37840487520902,0.447213595499958,0.547722557505166,5755,15939,16048,598.154829454716,121.720581661443,112.59662517145
3,0,72,77,77,0.774596669241483,0.836660026534076,0.707106781186548,6319,16664,15397,150.059321603158,191.188911812375,165.98915627233
4,0,67,79,77,1.09544511501033,0.948683298050514,0.707106781186548,3409,17015,14687,233.829211177731,178.450273185557,84.3682404699778
5,0,62,86,82,1.30384048104053,0.774596669241483,1.30384048104053,2600,16022,14006,246.656035806951,199.837433930683,96.1269993290127
6,0,61,82,78,1.09544511501033,0.707106781186548,0.447213595499958,1150,16327,12642,164.522642818549,128.13508496895,186.60787764722
7,0,68,82,85,0.894427190999916,0.547722557505166,0.894427190999916,220,16265,12748,209.091128458383,192.246456404273,181.336151938878
8,0,67,83,77,1.14017542509914,0.707106781186548,1.22474487139159,-85,17353,12942,182.609419253225,110.912578186606,147.730836320654
9,0,68,82,75,0.836660026534076,0.447213595499958,0.774596669241483,1319,16887,11979,156.747248779684,161.901204442709,83.0090356527529
10,0,66,85,73,0.707106781186548,0.547722557505166,1.48323969741913,2666,19117,11559,201.823437687499,223.635641166608,150.883067307104
11,0,74,88,75,0.707106781186548,1.04880884817015,1.18321595661992,2764,20118,10406,200.204895045051,701.282468054064,199.23026878464
12,0,67,87,78,0.316227766016838,0.632455532033676,0.894427190999916,4396,20252,10448,280.255419216114,241.760625412824,275.230267230913
13,0,72,88,77,0.894427190999916,0.632455532033676,0.632455532033676,6499,21883,10511,207.118806485553,290.037238988375,265.097906442129
14,0,76,88,82,0.948683298050514,0.547722557505166,0.316227766016838,7972,20065,9503,413.502478831748,190.726505761522,240.132879881119
15,0,83,88,70,1.26491106406735,0.707106781186548,1,8710,20081,11854,247.418067246513,186.745013320303,290.072404754399
16,1,78,89,75,0.894427190999916,1.04880884817015,1.18321595661992,7953,22927,10409,201.205119219169,430.567996952862,120.767131289933
15,1,75,91,79,1.18321595661992,0.316227766016838,1.26491106406735,8015,20691,10978,305.632786199387,170.62092485976,239.661845106809
14,1,71,88,79,0.707106781186548,1.04880884817015,1.26491106406735,8145,19891,9338,149.796194878241,299.991166536617,229.677600126786
13,1,74,86,69,0.894427190999916,1.14017542509914,1.37840487520902,5356,20694,7866,260.942522406755,250.791945644193,133.630460599371
12,1,68,88,72,0.836660026534076,0.447213595499958,1.30384048104053,4142,19526,9634,240.594887726236,178.777235687321,151.363139502324
11,1,67,83,71,0.547722557505166,0.316227766016838,0.547722557505166,4650,17620,9176,198.734747842445,153.636909627863,90.4936461857958
10,1,68,83,73,0.948683298050514,0.894427190999916,1.4142135623731,3426,19451,10612,298.591527006377,156.142563063375,148.265977216622
9,1,63,81,78,1.18321595661992,1,1.09544511501033,1208,16537,10917,226.221793821904,186.827460508352,141.340369321719
8,1,63,83,82,1,0.707106781186548,0.707106781186548,781,16725,12540,120.314587644225,437.981278138689,134.393080179003
7,1,63,82,75,1.04880884817015,0.948683298050514,0.547722557505166,752,16939,14287,115.427899573717,171.355770255921,187.982445988981
6,1,55,87,83,1.30384048104053,1.46628782986152,1,1485,14968,12549,155.7562197795,206.204388896066,181.24844826922
5,1,69,78,83,1.18321595661992,0.707106781186548,0.894427190999916,2320,15646,14508,194.7041345221,103.935556957184,202.632672587616
4,1,64,77,78,0.632455532033676,0.707106781186548,0.894427190999916,5009,15056,15244,2526.2238816067,102.523168113359,232.333596365227
3,1,68,80,83,0.836660026534076,0.707106781186548,0.836660026534076,4896,16122,15331,106.138117563861,116.304342137342,136.668943070472
2,1,70,76,82,1,0.774596669241483,0.894427190999916,5207,16278,15982,188.153129126252,63.8553051828899,157.154064535411
1,1,66,76,76,0.894427190999916,0.547722557505166,0.632455532033676,5765,14902,18722,119.008823202316,175.022855650341,305.465710023237
0,1,66,76,80,1,0.836660026534076,1,7623,15137,19502,186.551333417909,177.463517377516,365.828648413434
1,2,69,80,79,1.48323969741913,1.04880884817015,0.447213595499958,7268,13734,16562,139.177943654877,498.434649678371,317.702219066849
2,2,74,81,80,2.07364413533277,0.894427190999916,1.22474487139159,6376,13794,14367,234.40861758903,60.6506389084237,166.108097334236
3,2,70,77,80,0.316227766016838,0.707106781186548,0.447213595499958,4565,14322,14453,184.782845524145,162.50753828669,156.199871958974
4,2,66,86,79,0.774596669241483,0.948683298050514,0.836660026534076,4812,13316,13211,176.683049554846,206.54031083544,138.456491361005
5,2,70,80,82,1.14017542509914,0.836660026534076,0.707106781186548,2647,14756,11682,290.836895871208,200.102473747827,133.275279028033
6,2,60,85,78,0.836660026534076,1.04880884817015,0.447213595499958,3006,15078,12492,180.488226762856,213.649245259608,142.631342979024
7,2,71,83,78,0.632455532033676,0,0.894427190999916,1385,15947,12576,152.004605193395,107.75620631778,192.040881064423
8,2,73,82,78,0.707106781186548,0.774596669241483,1.14017542509914,1655,14529,12222,80.6820921890354,85.7962703152066,123.861212653518
9,2,72,83,80,0.894427190999916,0.948683298050514,1,1472,17264,10680,150.33795262674,94.8425010214303,203.008620506618
10,2,71,86,80,0.707106781186548,1.22474487139159,1.04880884817015,3045,15654,9541,253.240399620598,85.2384889589204,286.2261343763
11,2,73,87,75,0.447213595499958,0.447213595499958,1.51657508881031,4174,20372,8890,117.000854697733,318.660163810916,219.831981294806
12,2,74,86,69,1.04880884817015,0.894427190999916,0.632455532033676,4518,16695,7605,174.613000661463,241.303750488881,136.601976559638
13,2,80,82,78,1.48323969741913,1,0.632455532033676,5177,21816,8524,184.173016481785,2300.33947494712,283.910901516655
16,2,77,93,76,0.894427190999916,2.16794833886788,1.48323969741913,9211,21761,8780,92.9569792968769,377.862673467491,350.708711040944
17,2,80,90,72,1,1.04880884817015,1.04880884817015,11089,22149,7086,153.300358773227,322.912526855184,123.018697765827
17,3,73,89,71,0.547722557505166,0.707106781186548,0.632455532033676,9866,20083,7076,130.044223247325,428.983099900217,127.765801371102
16,3,75,94,75,0.894427190999916,1.6431676725155,1.54919333848297,9030,20370,7672,211.400804161195,2368.5053725926,344.849822386499
13,3,70,85,72,0.707106781186548,1.04880884817015,1.14017542509914,6785,21146,6262,174.038214194469,401.605901351063,144.97241116847
12,3,69,91,75,0.547722557505166,1.09544511501033,1,5819,17188,6757,176.783200559329,470.526832391098,131.03892551452
11,3,71,84,79,1.04880884817015,1.14017542509914,1.6431676725155,4308,15266,7200,208.477576731887,99.788776924061,146.641399338659
10,3,73,89,82,1.18321595661992,0.447213595499958,0.948683298050514,3490,14893,8452,126.433777132537,76.6674637639723,207.00507240162
9,3,63,87,78,0.447213595499958,0.547722557505166,0.632455532033676,2461,17132,8360,230.905824959008,321.016198968214,228.559182707674
8,3,64,76,79,1.14017542509914,0.948683298050514,0.894427190999916,2936,13704,10496,292.464356802671,111.010810284404,212.614674940372
7,3,65,82,78,1.22474487139159,0.707106781186548,0.316227766016838,3024,16720,16435,88.3493067318584,229.811879588502,137.474361246016
6,3,67,78,76,1.14017542509914,0.894427190999916,1.14017542509914,3996,13222,11190,242.934764906137,107.36153873711,150.983111638355
5,3,67,92,83,0.948683298050514,2.12132034355964,0.836660026534076,4250,14830,11459,216.256791800859,279.10428158665,174.692014700157
4,3,69,79,81,0.894427190999916,0.707106781186548,0.707106781186548,4240,12363,12811,186.828531011727,90.4969612749511,112.520664768744
3,3,65,81,84,0.948683298050514,1.70293863659264,1.04880884817015,5195,14215,14876,148.597442777458,598.225041267916,244.215478624923
2,3,70,81,76,0.774596669241483,0.632455532033676,0.547722557505166,5869,15389,16712,91.7959694104267,452.400154730301,260.75812547263
1,3,69,73,82,0.894427190999916,0.707106781186548,0.774596669241483,6875,12900,17341,210.176116626033,198.164578065809,183.209988810654
0,3,73,79,83,1.18321595661992,1.04880884817015,0.836660026534076,8742,13180,18147,285.264613999003,138.330040121443,816.633087745041
1,4,73,80,79,1.58113883008419,1,0.774596669241483,7829,12030,14949,206.274816688805,131.350295012992,143.102061480609
3,4,78,76,88,0.836660026534076,0.316227766016838,0.894427190999916,7156,11668,13487,160.123702180533,115.321723885832,261.961256677395
4,4,73,78,81,1,1.14017542509914,1.30384048104053,5643,11775,13699,194.324470924277,207.517951030748,334.653402791605
5,4,74,75,86,0.774596669241483,0.707106781186548,0.894427190999916,4929,12466,12252,178.692193450078,124.166823266121,94.2061569113187
6,4,66,85,76,1.09544511501033,1.70293863659264,0.774596669241483,3843,13574,14240,473.850187295521,730.333280085195,304.534234528731
7,4,69,81,79,0.774596669241483,0.447213595499958,0.632455532033676,4719,13199,9403,637.752851816438,107.325672604461,149.332180055071
10,4,80,89,74,1.04880884817015,0.894427190999916,0.447213595499958,6513,15004,7548,339.492857067715,300.092818974397,241.34000911577
11,4,77,81,77,0.894427190999916,0.948683298050514,0.547722557505166,6558,17144,6788,157.628360392412,256.599103661724,194.564642214355
11,5,78,76,81,0.836660026534076,0.948683298050514,1.14017542509914,7895,16671,6299,154.866716889072,330.306978430671,253.780219875387
11,6,71,84,69,0.836660026534076,1,1.14017542509914,8278,14423,4879,287.843360180498,279.829591001381,123.494939167563
10,6,80,85,69,1.14017542509914,1.14017542509914,1.18321595661992,9128,15478,4297,125.934903819394,229.828196703538,167.978867718532
10,5,74,87,68,1.18321595661992,0.774596669241483,0.774596669241483,9837,17794,4695,229.291081379106,184.488482025302,101.402169602036
9,5,81,86,74,1,0.836660026534076,0.707106781186548,6037,13623,8038,205.311470697572,313.128088807121,226.425926077382
9,6,72,84,70,0.547722557505166,1.58113883008419,1.04880884817015,8102,14243,6211,173.860001150351,513.119576707028,210.894286314257
8,5,71,85,79,1.04880884817015,1.04880884817015,1.04880884817015,5352,14751,7943,234.651230552921,930.90112256888,259.381572205891
12,4,67,85,64,0.836660026534076,1.14017542509914,0.774596669241483,6279,20038,6275,248.249269888151,380.236899840087,178.150498174998
13,4,75,87,70,0.707106781186548,0.707106781186548,0.707106781186548,7294,19274,5897,238.290998571075,220.312732269381,255.395771304068
13,5,73,83,67,0.707106781186548,0.707106781186548,0.948683298050514,8385,15598,4348,265.99530071037,219.378440143967,247.458481366067
13,6,75,89,68,0.948683298050514,0.774596669241483,0.836660026534076,9976,15071,3154,287.680899609272,189.895497576957,319.147614749037
13,7,74,87,67,1.04880884817015,1.48323969741913,0.894427190999916,11333,15223,2534,209.402244496089,224.901534009886,204.694894904587
13,8,80,85,64,1.09544511501033,0.547722557505166,0.632455532033676,11235,14597,1937,209.709799484907,213.492388623108,281.309260423471
13,9,78,82,66,0.894427190999916,0.707106781186548,1.30384048104053,11179,12511,1869,265.088287179951,131.82147017842,184.859135560026
13,10,79,84,60,0.836660026534076,0.547722557505166,0.948683298050514,12116,12537,1208,147.899290059148,351.003846132774,161.004037216462
13,11,87,76,63,0.707106781186548,0.632455532033676,0.948683298050514,13997,11250,1599,279.886584172947,257.751818616281,136.837129464192
14,11,84,72,63,2.19089023002066,0.547722557505166,1.94935886896179,13395,12209,538,202.736281903363,194.515295028437,148.530804885721
14,10,81,81,65,1.18321595661992,0.707106781186548,1.22474487139159,12743,13432,279,138.031880375513,247.56231538746,167.210047544997
15,11,75,78,63,0.948683298050514,0.316227766016838,0.948683298050514,14045,13356,489,154.374868420997,174.202468409607,250.510079637527
16,11,82,81,66,1.04880884817015,0.447213595499958,0.774596669241483,14535,14103,174,184.831815443121,149.414858698859,161.800494436822
16,10,78,75,63,1.44913767461894,0.707106781186548,1.04880884817015,14826,14241,62,189.246928640863,132.311753068274,187.935361228269
17,10,78,79,66,1.34164078649987,0.894427190999916,1.14017542509914,14565,15189,1724,238.553977120483,153.40208603536,180.492936149867
17,11,81,79,63,1.61245154965971,0.836660026534076,1.18321595661992,15435,14848,1920,322.139721239092,177.413077308298,172.799884259221
17,9,83,82,63,0.547722557505166,0.774596669241483,1,14937,16541,1543,148.942606395887,232.682401569178,211.516666010033
17,8,83,88,68,1.8165902124585,1,1,13295,16979,1960,141.314188954967,302.134738155016,262.74702662447
17,7,72,86,57,1.37840487520902,0.632455532033676,0.447213595499958,12160,18476,4040,152.468357372932,229.564587861456,209.598425566606
16,7,78,87,69,0.632455532033676,1.34164078649987,0.632455532033676,13043,20327,4735,942.416150116285,177.820977390183,169.578890195684
16,6,77,89,67,1.26491106406735,1.44913767461894,1.22474487139159,11243,17916,4055,199.774873294917,242.045656850108,115.634337460808
17,6,76,89,72,1.04880884817015,0.948683298050514,1.37840487520902,11338,17735,3311,362.481723677208,486.617919933083,330.11649458941
17,5,74,87,67,0.836660026534076,0.632455532033676,1.09544511501033,10972,18453,3723,196.521500096045,114.467025819666,270.911055514536
17,4,79,82,71,0.547722557505166,0.632455532033676,0.894427190999916,11340,18191,5388,218.544732263214,248.787258516187,333.529608880531
16,5,79,87,70,0.836660026534076,1.04880884817015,1,10561,17443,4890,192.1322461223,317.162261311147,165.433370273352
12,10,84,88,72,1.04880884817015,0.836660026534076,0.894427190999916,11399,11684,2086,206.740416948404,231.563382252031,199.005527561422
10,7,76,85,70,0.774596669241483,0.447213595499958,0.774596669241483,8276,14611,4655,241.711191300693,210.130197734643,101.074230147946
9,7,69,80,71,0.948683298050514,1.18321595661992,1.04880884817015,8032,12073,5737,130.33303495277,201.893536300695,155.708060163885
8,7,81,81,72,0.836660026534076,0.836660026534076,1.18321595661992,9030,10176,6416,435.370531846151,277.305066668462,208.404414540575
0,5,71,82,82,1.37840487520902,1.48323969741913,1.09544511501033,9824,12697,16317,422.531418950118,323.810129551254,675.840661694752
1,5,74,75,81,0.948683298050514,0.836660026534076,1.04880884817015,10370,12686,14610,190.500131233551,216.926715735983,420.998693584671
2,5,68,78,81,0.894427190999916,1.18321595661992,1.6431676725155,8675,10416,14373,188.775263209987,234.146962397551,327.673007737897
3,5,72,73,81,0.632455532033676,1.30384048104053,1.37840487520902,7985,11402,12215,172.143544752628,167.488208540184,191.697417822985
4,5,75,79,84,1.04880884817015,0.316227766016838,0.547722557505166,6792,10538,11984,126.057129905452,156.75171450418,194.417591796627
5,5,71,81,83,1,0.836660026534076,0.707106781186548,8489,12292,12054,228.475819289482,203.495454494689,204.692452230169
6,5,71,82,79,0.948683298050514,1.14017542509914,0.948683298050514,5351,11278,9961,123.648695909015,179.407636403805,229.228052384519
7,5,72,80,76,0.447213595499958,1.22474487139159,0.948683298050514,4478,12756,8659,223.876528470494,335.445971804701,216.052539906385
12,5,81,84,64,0.948683298050514,0.948683298050514,0,9734,15890,4863,1298.58634676328,358.166162555873,139.767306620683
12,6,85,85,64,1.8165902124585,0.547722557505166,0.774596669241483,9222,13283,4097,285.587464710901,196.658587404669,158.294346077174
7,6,67,71,76,1.04880884817015,0.707106781186548,0.774596669241483,6381,10454,9069,161.718273550023,191.785296620987,96.2995327091466
6,6,72,77,78,1.18321595661992,0.447213595499958,0.774596669241483,6157,11555,9230,139.68965602363,170.201938884373,222.918595007236
3,6,72,80,79,1,1,1.04880884817015,8993,11507,11689,188.231240765182,533.723242889046,211.313984392893
2,6,68,76,84,1,1.34164078649987,1.30384048104053,8316,10341,12980,187.060150753708,239.739024774858,194.506298098545
1,6,77,73,85,1.14017542509914,0.707106781186548,1.37840487520902,9194,10071,14348,167.033230226802,242.815773787454,237.826197043135
0,7,66,76,78,0,1.26491106406735,1.14017542509914,9331,9736,14941,163.314114515556,154.664152278413,163.575364893373
1,7,67,71,85,0.707106781186548,0.707106781186548,1.14017542509914,10043,9276,15658,195.787640059326,97.36375095486,706.181704662476
2,7,75,75,85,1.14017542509914,0.632455532033676,0.894427190999916,10975,8084,15875,241.865458468133,172.196399497783,452.285418734675
6,7,66,80,73,1.09544511501033,0.774596669241483,0.948683298050514,7736,10021,8502,170.662532502011,131.822228778002,174.29113574706
7,7,66,83,76,0.894427190999916,0.707106781186548,1.4142135623731,8976,11295,7226,226.57051882361,199.362985531417,88.8104723554604
11,7,70,85,66,1,1.14017542509914,0.707106781186548,8719,12574,3902,207.317871877945,91.2606158208457,102.85766864945
12,7,77,89,69,0.632455532033676,0.948683298050514,1,10064,13716,3055,128.068731546775,150.812797865433,192.340843296477
12,8,73,82,65,1.09544511501033,1.09544511501033,1.26491106406735,10634,13412,2497,224.19054395759,144.976894710847,191.882255563145
11,8,77,82,69,0.948683298050514,0.836660026534076,0.632455532033676,9379,12115,3540,111.344959472802,140.931188883086,242.471647827122
10,8,77,83,70,0.948683298050514,0.774596669241483,1.14017542509914,9442,11409,5038,131.025951627912,158.214095452965,133.892120753986
9,8,77,87,68,0.894427190999916,1.14017542509914,0.316227766016838,9140,13111,4866,376.803795097661,147.123757428907,148.052693322344
8,8,75,79,74,0,0.774596669241483,0.836660026534076,9338,11796,6111,86.7479106376632,166.060832227229,197.104287117252
7,8,64,79,79,0.836660026534076,0.447213595499958,0.774596669241483,8090,9427,8787,226.099093319721,340.745506206612,216.487874949153
6,8,68,75,79,1.09544511501033,0.948683298050514,1.22474487139159,8860,8283,9261,166.771100613985,216.481177010843,494.582551249031
5,8,71,73,76,1,0.707106781186548,1.09544511501033,9149,11121,10934,100.82658379614,177.858089498341,175.483617468982
4,8,79,68,81,0.942809041582063,0,1.05409255338946,9861,8028,11127,121.371331046504,166.582645487991,176.053653438061
3,8,77,78,83,1.67332005306815,0.836660026534076,0.632455532033676,11451,6901,13149,222.918370709998,163.049685678937,273.57357328514
2,8,77,72,84,1.18321595661992,0.447213595499958,1.04880884817015,11323,7588,13165,678.130592142841,143.387237925835,129.887643754131
1,8,76,75,85,1.18321595661992,1,1.58113883008419,11655,7739,14987,223.769300843525,211.949522292455,161.62889593139
0,8,68,75,82,1.22474487139159,2.04939015319192,1.51657508881031,11284,9014,15629,467.380466001736,434.584054010269,187.10745575738
2,9,76,68,81,0.836660026534076,0.894427190999916,1.14017542509914,11425,6741,14563,345.699291292302,719.679095152833,291.981506263667
1,9,70,67,86,0.948683298050514,0.707106781186548,0.547722557505166,11907,6811,13355,204.65360978981,80.2807573457052,170.075865424816
3,9,73,78,78,0.894427190999916,1.09544511501033,1.26491106406735,11224,6482,13191,237.719582701973,180.569654150414,284.879272675286
4,9,69,72,79,1.18321595661992,0.836660026534076,1.34164078649987,10216,6540,13815,166.157455445129,124.364786012762,325.164112410949
5,9,73,72,73,0.948683298050514,0.894427190999916,1.04880884817015,9557,8853,10789,182.614073937361,356.618143116696,271.487752946611
6,9,72,76,84,1.04880884817015,0.774596669241483,1.14017542509914,9054,7353,9645,123.963704365431,177.531687312434,197.57327754532
7,9,77,80,77,0.707106781186548,0.707106781186548,1,8805,7377,8006,207.97403684114,208.167480649596,92.4424145076274
8,9,83,76,80,1,0.547722557505166,0.632455532033676,11459,9373,7333,265.966915235711,307.959250551108,217.759500366804
9,9,79,78,82,0.632455532033676,0.447213595499958,0.774596669241483,10736,9951,5987,167.207655327141,182.543967306509,194.778078848725
10,9,72,90,71,1,0.707106781186548,0.632455532033676,10324,10452,3775,107.741356961939,160.840293459071,163.461922171495
11,9,68,91,67,0.894427190999916,1.26491106406735,0.948683298050514,10383,12447,2854,151.886799953123,212.810714016001,157.584580463953
12,9,77,83,64,1,1,0.447213595499958,11573,13518,2424,210.544769585948,455.883647436492,283.266129284812
11,10,72,83,67,0.316227766016838,0.447213595499958,0,11017,12001,2896,155.669842936903,208.385220205273,168.208501568738
0,10,73,68,83,0.948683298050514,0.547722557505166,1.09544511501033,12797,8129,15549,298.073313129505,216.475864705514,182.139232456931
1,10,74,68,75,1.70293863659264,0.447213595499958,1.04880884817015,13083,6448,14679,229.500762525966,258.296535013538,166.346325477902
2,10,77,69,82,2.04939015319192,0.707106781186548,0.774596669241483,12101,5840,12868,204.23760672315,150.737188510334,184.888344684028
3,10,79,76,82,0.774596669241483,0.632455532033676,0.948683298050514,11779,5321,12645,131.601671721905,186.390182144876,127.451559425532
4,10,74,74,79,0.632455532033676,0.774596669241483,1.37840487520902,10925,7840,11949,129.593981341727,319.3576365143,158.588776399845
5,10,69,73,82,1.22474487139159,0.632455532033676,1.51657508881031,10258,6646,9276,123.194561568277,134.780562396809,151.10890112763
6,10,67,75,83,1.44913767461894,0.774596669241483,1.04880884817015,10054,6338,9777,114.560464384534,218.081636090708,266.018044500744
7,10,78,75,79,1.04880884817015,0.447213595499958,0.836660026534076,11315,6989,7634,465.196302650827,198.754622587753,274.88161088003
8,10,78,72,79,0.948683298050514,0.632455532033676,0.547722557505166,11482,7906,7898,208.168921791895,247.810209636326,188.365071072107
9,10,81,75,77,0.707106781186548,0.316227766016838,0.836660026534076,12735,8324,5350,216.058556877528,178.962007141181,105.233549783327
1,11,71,68,82,1,0.632455532033676,0.447213595499958,15452,6775,15375,314.818360328619,598.450749853319,591.174762654835
2,11,72,68,83,1.67332005306815,1.58113883008419,0.948683298050514,13405,5642,13935,444.90178691482,186.799357600608,146.72491267675
3,11,71,73,82,0.836660026534076,0.547722557505166,0.894427190999916,12722,5008,14015,296.258164444459,191.077209525364,180.415354113778
5,11,72,75,79,0.707106781186548,1,0.774596669241483,11475,6681,11051,389.161406102918,167.656792287101,159.030500219298
6,11,79,76,74,1.30384048104053,0.894427190999916,0.707106781186548,11544,6640,9412,297.136500618823,176.34738444332,152.101610773851
7,11,81,72,79,0.894427190999916,0.447213595499958,0.774596669241483,12705,7295,7875,445.403412649701,213.84527116586,193.903584288687
8,11,81,73,76,1,0.894427190999916,1,12149,9530,7570,266.532174418024,483.9419386662,239.614482033119
9,11,83,77,79,1.14017542509914,0.447213595499958,0.632455532033676,13313,8376,7068,198.492065332597,117.057250950123,82.635343528057
8,12,81,85,76,1.54919333848297,1.22474487139159,1.04880884817015,12675,9490,9245,219.779207387778,347.085868338081,115.861555314953
11,11,78,79,66,0.774596669241483,0.316227766016838,1.4142135623731,12561,10713,3193,133.382532589541,255.638612107013,141.730025047624
12,11,77,70,76,1.04880884817015,1.18321595661992,1.15470053837925,12375,10852,2711,91.260067937735,197.21308273033,199.325250672251
12,12,77,74,69,0.894427190999916,1.04880884817015,1.70293863659264,13882,9879,2262,188.840938358185,203.819037383656,117.683048906799
11,12,81,76,71,0.316227766016838,0.707106781186548,0.894427190999916,13392,9036,4175,99.0565495058252,234.256483368124,177.525209477415
10,12,80,71,72,0.547722557505166,0.632455532033676,1.84390889145858,16456,8254,6348,255.095080313204,128.998062000946,710.633168378735
6,12,82,69,81,1.18321595661992,0.948683298050514,0.632455532033676,13232,5130,9818,243.72669119323,140.108886227819,237.299388958337
5,12,69,68,77,1,0.836660026534076,0.836660026534076,12747,5572,11547,159.109082078931,143.499477350965,114.185375596002
3,12,70,72,86,0.707106781186548,0.774596669241483,1.30384048104053,13480,2871,14005,107.341511075632,181.140001104118,197.826944575303
2,12,73,72,78,1.22474487139159,0.774596669241483,0.447213595499958,14934,6141,13886,459.349866659391,926.71408751567,349.864402304664
1,12,71,73,82,0.632455532033676,0.632455532033676,0.632455532033676,14788,6852,14475,251.299025067747,155.200837626606,648.082325017432
0,12,75,66,77,1.51657508881031,0.707106781186548,0.894427190999916,15531,6213,15401,210.077842715504,388.710689330767,226.361878415956
3,13,73,66,86,0.836660026534076,1.04880884817015,1.58113883008419,15595,4063,13438,231.055404611102,305.083758990871,259.696361160491
3,14,84,66,88,1.44913767461894,0.632455532033676,1.30384048104053,16818,1879,14210,277.388716425164,173.010115311215,471.519988971836
5,13,74,66,77,1.58113883008419,1.14017542509914,1,13521,4385,10695,186.599839228227,687.328815051428,177.219919873585
5,14,73,70,81,1.09544511501033,0.316227766016838,1.14017542509914,15089,2690,10884,149.527255040678,166.05481022843,182.880015310586
6,14,79,65,73,0.447213595499958,0.836660026534076,0,14361,3719,9705,204.948042196065,213.586750525401,215.774882690271
6,13,72,65,81,0.836660026534076,0.707106781186548,0.707106781186548,13164,4320,10160,152.056897245735,200.259082191046,156.019870529366
7,13,79,67,82,0.894427190999916,0.447213595499958,1.04880884817015,13883,4794,9281,180.345778991359,140.580937541332,174.919124168857
7,14,79,65,81,0.894427190999916,0.894427190999916,1,15944,4976,9950,379.120297531008,186.419956013298,281.009074586569
8,14,84,68,75,1.09544511501033,0.632455532033676,1.18321595661992,16738,4533,7484,225.614050980873,216.563385640325,148.790456683216
8,13,82,72,87,1.22474487139159,1.04880884817015,1.73205080756888,15186,5415,8650,210.6544563972,230.206646298494,484.845645540929
9,13,86,65,72,0.774596669241483,0.948683298050514,0.836660026534076,14196,6741,6238,429.671735165347,168.404275480167,200.823554395395
9,14,82,77,70,0.632455532033676,0.547722557505166,0.547722557505166,15913,6984,6491,154.705203532396,289.127480534106,170.420656025025
10,14,82,80,73,0.894427190999916,0.632455532033676,1.7606816861659,15581,9916,5810,285.799230229894,227.433726610633,267.637814966421
10,13,82,75,69,0.774596669241483,0.755928946018454,0.447213595499958,14264,7670,4950,242.097707548006,157.00500446983,174.891108979273
11,13,82,81,65,0.948683298050514,0.894427190999916,1,15021,9197,4161,146.127683893231,267.495981278224,101.471670923465
11,14,80,80,63,1.30384048104053,1.58113883008419,1.30384048104053,15712,11708,4602,163.770876531818,251.765764153906,328.463239952358
12,13,80,73,66,1.14017542509914,0.447213595499958,0.774596669241483,14281,13697,3625,178.13449974668,2782.01964407155,130.304643048512
12,14,76,90,71,0.774596669241483,1.18321595661992,1.09544511501033,16006,11093,4772,253.3829118153,210.828603372503,218.46349809522
5,15,75,67,83,1.04880884817015,1.44913767461894,1.04880884817015,15252,2587,10817,98.2013238199975,159.371264662109,151.099305094365
6,15,78,66,85,0.632455532033676,1.94935886896179,1.22474487139159,15708,3497,9768,146.717756253291,134.158861056585,235.247954295037
7,15,80,65,88,0.948683298050514,0.316227766016838,0.707106781186548,15485,4738,9735,155.931395171082,182.081025919781,132.362003611308
3,15,80,79,92,0.894427190999916,0.948683298050514,0.948683298050514,16841,937,14106,246.342038637339,192.551291867907,220.961082546226
3,16,84,69,90,1.26491106406735,1,1.44913767461894,17758,957,15611,457.931108355831,153.438912926285,2139.93474199565
5,16,76,68,82,0.447213595499958,0.447213595499958,1.04880884817015,16007,2215,10658,107.099019603356,179.168356581178,199.672982649131
6,16,78,67,83,0.894427190999916,0.948683298050514,0.894427190999916,17170,2948,11114,154.002597380694,232.98905553695,179.427701317272
7,16,86,63,88,0.894427190999916,1.09544511501033,1.05409255338946,16471,4705,9389,302.184877186136,231.14432720705,159.08627987493
7,17,82,73,91,0.836660026534076,1.04880884817015,0.881917103688197,19407,4523,14102,2690.97025252975,163.492201648886,262.645303699791
6,17,81,71,86,0.836660026534076,1.22474487139159,1.04880884817015,17442,3243,13740,110.959001437468,269.657746041162,599.559838548247
5,17,76,62,84,0.632455532033676,1.09544511501033,0.632455532033676,18644,3116,14345,302.580733028394,282.560789919621,167.087701522284
3,17,80,64,85,1,1,1.30384048104053,18355,1378,13629,263.397038707727,166.949393529896,274.048170948102
3,18,83,73,85,0.948683298050514,0.948683298050514,0,20801,1807,14915,189.235039038757,194.173633637526,222.080841136736
5,18,82,70,82,1.58113883008419,1.09544511501033,1.30384048104053,18765,3078,14729,179.761230525383,250.781179517124,246.402922060596
6,18,77,73,90,0.333333333333333,1,1,18199,3726,12894,152.647742640805,233.085392077668,191.607933029924
7,18,83,67,89,1.51657508881031,0.948683298050514,1.04880884817015,18653,6378,14637,341.924114387974,354.687749999912,405.139852396675
7,19,80,68,89,0.894427190999916,0.774596669241483,1.22474487139159,19810,8364,17100,423.991863129471,436.294396021769,612.010702520797
6,19,79,65,83,1.09544511501033,0.894427190999916,1,19467,4639,21113,398.216272897028,138.114445298093,1024.85120871276
5,19,76,75,88,1.04880884817015,1.22474487139159,0.632455532033676,18857,3182,17271,204.360955174906,358.176492807666,1852.75740451901
4,19,81,67,89,0.547722557505166,0.447213595499958,0.948683298050514,20013,2907,15176,175.074269954211,269.560568332981,609.451310606516
3,19,81,68,86,1.94935886896179,0.774596669241483,1.09544511501033,21710,2946,17245,270.8647263857,261.833152981054,853.332819010262
2,18,88,72,81,1.14017542509914,0.447213595499958,0.836660026534076,19913,3018,15136,305.236138096392,583.681077301637,229.590505030151
1,18,89,64,79,1.34164078649987,0.836660026534076,1.84390889145858,21707,2700,15501,286.771163124886,351.081899277078,168.697065771756
0,18,86,68,84,0.447213595499958,0.547722557505166,1.04880884817015,23605,2923,18800,223.750754188673,205.09193060674,157.289859813022
0,16,74,60,85,0.707106781186548,0.894427190999916,0.948683298050514,19493,1670,15980,139.212427606159,171.878445420012,173.887607379019
1,16,80,63,84,2.02484567313166,0.547722557505166,1.34164078649987,19228,544,16909,250.96752777999,140.938993894522,905.335573144014
2,16,83,65,82,0.632455532033676,0.948683298050514,1,17681,1174,14025,160.965834884301,238.580175203222,90.3260759692349
16,9,75,87,65,0.447213595499958,1.37840487520902,0.547722557505166,12746,15305,206,220.525962190396,211.172914929922,123.060960503321
16,8,84,85,65,0.836660026534076,1.14017542509914,1.18321595661992,11722,15470,1822,318.854355466567,143.207890844045,183.130008463933
16,4,81,83,76,1.26491106406735,0.774596669241483,1.37840487520902,9587,18053,5033,164.821721869419,262.268564643192,185.218249640795
8,6,72,78,81,0.547722557505166,1.26491106406735,1.18321595661992,8503,8420,8924,155.114473857213,307.939766837607,257.684108939608
